dv,term,estimate,std.error,statistic,p.value
log_vol_2per,Item_1.01,0.000117526,1.16E-05,10.14544601,5.29E-24
log_vol_2per,Item_1.02,2.96E-05,1.59E-05,1.856907421,0.063370586
log_vol_2per,Item_1.03,0.000801628,0.000313473,2.557248869,0.010573398
log_vol_2per,Item_1.04,-7.43E-05,8.58E-05,-0.866464608,0.386268154
log_vol_2per,Item_1.05,6.00E-05,9.65E-05,0.621893183,0.534034428
log_vol_2per,Item_2.01,-6.79E-06,1.45E-05,-0.468558576,0.639401271
log_vol_2per,Item_2.02,0.000197224,1.49E-05,13.22910352,1.97E-39
log_vol_2per,Item_2.03,-0.000179617,1.09E-05,-16.53868201,3.45E-60
log_vol_2per,Item_2.04,-5.99E-06,5.81E-05,-0.103023477,0.917947591
log_vol_2per,Item_2.05,0.000236114,3.61E-05,6.533859024,6.91E-11
log_vol_2per,Item_2.06,-5.34E-05,5.67E-05,-0.942314668,0.346067397
log_vol_2per,Item_3.01,8.04E-05,2.31E-05,3.472527347,0.000519018
log_vol_2per,Item_3.02,0.000139324,1.91E-05,7.284426422,3.62E-13
log_vol_2per,Item_3.03,-6.78E-05,2.00E-05,-3.392355414,0.000697177
log_vol_2per,Item_4.01,-9.51E-05,2.06E-05,-4.604133079,4.22E-06
log_vol_2per,Item_4.02,-5.68E-06,3.80E-05,-0.149542623,0.881130227
log_vol_2per,Item_5.01,0.000112503,5.23E-05,2.152987333,0.031357209
log_vol_2per,Item_5.02,-4.82E-05,6.55E-06,-7.362906071,2.03E-13
log_vol_2per,Item_5.03,-3.25E-05,1.19E-05,-2.720918599,0.006527812
log_vol_2per,Item_5.04,-5.74E-05,3.74E-05,-1.536711842,0.124413697
log_vol_2per,Item_5.05,-2.91E-05,3.76E-05,-0.772975753,0.439565493
log_vol_2per,Item_5.06,-2.84E-05,9.96E-05,-0.285363707,0.775374814
log_vol_2per,Item_5.07,-5.02E-05,4.86E-06,-10.32234473,8.76E-25
log_vol_2per,Item_5.08,-0.000144122,3.66E-05,-3.939644669,8.25E-05
log_vol_2per,Item_7.01,5.53E-05,1.08E-05,5.11841654,3.17E-07
log_vol_2per,Item_8.01,0.000122496,1.00E-05,12.24711338,4.21E-34
log_vol_2per,Item_9.01,5.69E-05,1.41E-05,4.029716796,5.65E-05
log_vol_4per,Item_1.01,0.000271346,2.21E-05,12.26673394,3.32E-34
log_vol_4per,Item_1.02,9.88E-05,3.13E-05,3.156180719,0.00160597
log_vol_4per,Item_1.03,0.002311497,0.000677699,3.410800609,0.000651761
log_vol_4per,Item_1.04,-0.000265542,0.000167107,-1.589054245,0.112097915
log_vol_4per,Item_1.05,-1.47E-05,0.000170536,-0.086443068,0.931116936
log_vol_4per,Item_2.01,-5.40E-05,2.75E-05,-1.966790936,0.049250784
log_vol_4per,Item_2.02,0.000416633,2.75E-05,15.1645972,4.71E-51
log_vol_4per,Item_2.03,-0.000421421,2.10E-05,-20.08309021,4.98E-87
log_vol_4per,Item_2.04,3.14E-05,0.00011959,0.262276722,0.793116612
log_vol_4per,Item_2.05,0.000569689,7.14E-05,7.977242249,1.76E-15
log_vol_4per,Item_2.06,-2.22E-05,0.000118557,-0.186971027,0.85168932
log_vol_4per,Item_3.01,0.000139979,4.53E-05,3.087977041,0.002023934
log_vol_4per,Item_3.02,0.00028562,3.71E-05,7.691529601,1.67E-14
log_vol_4per,Item_3.03,-6.56E-05,4.18E-05,-1.568709656,0.116765418
log_vol_4per,Item_4.01,-0.000169614,3.93E-05,-4.314644082,1.62E-05
log_vol_4per,Item_4.02,-1.14E-05,7.27E-05,-0.157168944,0.875116698
log_vol_4per,Item_5.01,0.00023705,0.000105936,2.237669243,0.025277165
log_vol_4per,Item_5.02,-9.78E-05,1.23E-05,-7.946776255,2.25E-15
log_vol_4per,Item_5.03,-6.03E-05,2.28E-05,-2.639969986,0.008311606
log_vol_4per,Item_5.04,-0.000121756,6.50E-05,-1.873109927,0.061099096
log_vol_4per,Item_5.05,1.51E-05,7.72E-05,0.195448109,0.845048409
log_vol_4per,Item_5.06,-0.000117208,0.000188135,-0.622996551,0.533309154
log_vol_4per,Item_5.07,-0.000114334,8.88E-06,-12.87139277,1.91E-37
log_vol_4per,Item_5.08,-0.000269966,6.45E-05,-4.185848048,2.88E-05
log_vol_4per,Item_7.01,0.000163414,2.13E-05,7.689042315,1.71E-14
log_vol_4per,Item_8.01,0.000288892,2.03E-05,14.24390003,2.43E-45
log_vol_4per,Item_9.01,0.000121378,2.69E-05,4.511096003,6.57E-06
log_vol_33per,Item_1.01,0.003401641,0.000127126,26.75811797,1.51E-149
log_vol_33per,Item_1.02,0.0013758,0.000223089,6.167055622,7.39E-10
log_vol_33per,Item_1.03,0.023066775,0.004229255,5.454098716,5.11E-08
log_vol_33per,Item_1.04,-0.000168179,0.000864873,-0.194455095,0.845825775
log_vol_33per,Item_1.05,-0.000586616,0.002141862,-0.273881406,0.784184671
log_vol_33per,Item_2.01,-0.000350348,0.000181325,-1.932154271,0.053384904
log_vol_33per,Item_2.02,0.008106374,0.000167788,48.31305437,0
log_vol_33per,Item_2.03,-0.003601761,0.000136666,-26.35454353,2.37E-145
log_vol_33per,Item_2.04,0.001725736,0.000889538,1.940036849,0.052419437
log_vol_33per,Item_2.05,0.006162708,0.000463874,13.28531951,9.52E-40
log_vol_33per,Item_2.06,-0.000466796,0.000706275,-0.660926363,0.508683519
log_vol_33per,Item_3.01,0.00166059,0.000321676,5.162302836,2.51E-07
log_vol_33per,Item_3.02,0.003516874,0.000261659,13.44068746,1.25E-40
log_vol_33per,Item_3.03,-0.000111746,0.000292556,-0.38196559,0.702499672
log_vol_33per,Item_4.01,-0.00045853,0.00028748,-1.594999397,0.110762144
log_vol_33per,Item_4.02,0.002436211,0.000717102,3.397301747,0.000684719
log_vol_33per,Item_5.01,0.005138644,0.000944042,5.443237728,5.43E-08
log_vol_33per,Item_5.02,0.000300708,6.79E-05,4.427975822,9.67E-06
log_vol_33per,Item_5.03,0.000256367,0.000153882,1.665993958,0.095763949
log_vol_33per,Item_5.04,-0.000525237,0.000469664,-1.118324723,0.263470643
log_vol_33per,Item_5.05,0.001583363,0.000615364,2.573053284,0.010103068
log_vol_33per,Item_5.06,-0.002206732,0.001688319,-1.307058666,0.191240124
log_vol_33per,Item_5.07,-0.000342204,5.22E-05,-6.558810968,5.85E-11
log_vol_33per,Item_5.08,-0.001340317,0.000620199,-2.16110737,0.030724317
log_vol_33per,Item_7.01,0.001403945,0.000135308,10.37591403,5.05E-25
log_vol_33per,Item_8.01,0.00277034,0.000126411,21.91528122,1.10E-102
log_vol_33per,Item_9.01,0.001112513,0.000132157,8.418101787,4.68E-17
log_vol_66per,Item_1.01,0.0058436,0.000227178,25.72250737,6.96E-139
log_vol_66per,Item_1.02,0.002378017,0.000405856,5.859261935,4.88E-09
log_vol_66per,Item_1.03,0.040566182,0.008339601,4.864283248,1.18E-06
log_vol_66per,Item_1.04,2.07E-06,0.001478897,0.001400501,0.998882606
log_vol_66per,Item_1.05,-0.001517575,0.003119482,-0.486483088,0.626641487
log_vol_66per,Item_2.01,-0.000401815,0.000323236,-1.24310017,0.213876834
log_vol_66per,Item_2.02,0.011384317,0.000277772,40.98432276,0
log_vol_66per,Item_2.03,-0.005960973,0.000243523,-24.47805534,1.59E-126
log_vol_66per,Item_2.04,0.003168876,0.001648566,1.922202036,0.054625046
log_vol_66per,Item_2.05,0.01022265,0.000819938,12.4675892,2.90E-35
log_vol_66per,Item_2.06,-0.001220014,0.00124123,-0.982906746,0.325690797
log_vol_66per,Item_3.01,0.002563133,0.00058947,4.348202345,1.39E-05
log_vol_66per,Item_3.02,0.006239601,0.000471625,13.2299958,1.95E-39
log_vol_66per,Item_3.03,0.000132557,0.000536244,0.247195893,0.804764618
log_vol_66per,Item_4.01,-0.000584409,0.000536963,-1.088358942,0.276477997
log_vol_66per,Item_4.02,0.004557359,0.001287385,3.540012814,0.000402974
log_vol_66per,Item_5.01,0.011079097,0.001748875,6.334984859,2.54E-10
log_vol_66per,Item_5.02,0.000466002,0.000122798,3.794879768,0.00014909
log_vol_66per,Item_5.03,0.000944203,0.000286812,3.292066145,0.000999979
log_vol_66per,Item_5.04,-0.000553967,0.000945665,-0.585795744,0.558033609
log_vol_66per,Item_5.05,0.003003958,0.001096227,2.740269126,0.006156054
log_vol_66per,Item_5.06,-0.004768469,0.003083376,-1.546508736,0.1220316
log_vol_66per,Item_5.07,-0.000452231,9.45E-05,-4.785165513,1.75E-06
log_vol_66per,Item_5.08,-0.00201886,0.001156397,-1.745819234,0.080890744
log_vol_66per,Item_7.01,0.00235675,0.000225632,10.44509488,2.47E-25
log_vol_66per,Item_8.01,0.004788655,0.000221283,21.64040726,2.92E-100
log_vol_66per,Item_9.01,0.00158987,0.000245172,6.4847063,9.56E-11
abs_ret_2_per,Item_1.01,0.001168967,7.42E-05,15.75594727,6.78E-55
abs_ret_2_per,Item_1.02,0.000987467,0.000152843,6.46067088,1.12E-10
abs_ret_2_per,Item_1.03,0.00862914,0.002806458,3.0747439,0.00211578
abs_ret_2_per,Item_1.04,0.000561132,0.000759891,0.73843733,0.460276019
abs_ret_2_per,Item_1.05,0.003851094,0.00308573,1.24803355,0.212064774
abs_ret_2_per,Item_2.01,-0.000384358,0.00013039,-2.947752813,0.003212579
abs_ret_2_per,Item_2.02,0.007443451,0.000113166,65.77451064,0
abs_ret_2_per,Item_2.03,-0.001636065,8.49E-05,-19.26176844,2.13E-80
abs_ret_2_per,Item_2.04,0.000524362,0.000523279,1.002069737,0.316348084
abs_ret_2_per,Item_2.05,0.003799518,0.000311428,12.20032244,7.39E-34
abs_ret_2_per,Item_2.06,0.000277188,0.000519352,0.533720224,0.59355379
abs_ret_2_per,Item_3.01,0.001806358,0.000251003,7.196567371,6.89E-13
abs_ret_2_per,Item_3.02,0.001263843,0.000146394,8.63317613,7.46E-18
abs_ret_2_per,Item_3.03,-0.000340939,0.000190571,-1.789040277,0.073655961
abs_ret_2_per,Item_4.01,-0.000455726,0.000221701,-2.055586638,0.039863164
abs_ret_2_per,Item_4.02,0.002720481,0.000580946,4.682850185,2.89E-06
abs_ret_2_per,Item_5.01,0.000636966,0.00048328,1.318006012,0.187549163
abs_ret_2_per,Item_5.02,4.78E-05,4.38E-05,1.092617887,0.274603042
abs_ret_2_per,Item_5.03,-0.000196232,9.35E-05,-2.098826972,0.035871534
abs_ret_2_per,Item_5.04,0.000240171,0.000485356,0.494833383,0.620734853
abs_ret_2_per,Item_5.05,-0.000488516,0.000388811,-1.256436172,0.209004078
abs_ret_2_per,Item_5.06,0.002560025,0.001021219,2.506833065,0.0122066
abs_ret_2_per,Item_5.07,-0.000235769,4.52E-05,-5.217959066,1.87E-07
abs_ret_2_per,Item_5.08,-0.000791767,0.000473131,-1.673463877,0.09428525
abs_ret_2_per,Item_7.01,0.00079794,8.98E-05,8.88915995,7.91E-19
abs_ret_2_per,Item_8.01,0.001287704,7.51E-05,17.13679342,2.17E-64
abs_ret_2_per,Item_9.01,0.000945177,6.59E-05,14.33221958,7.11E-46
abs_ret_4_per,Item_1.01,0.00141274,9.21E-05,15.33749154,3.66E-52
abs_ret_4_per,Item_1.02,0.001014659,0.000190736,5.319703381,1.07E-07
abs_ret_4_per,Item_1.03,0.010819274,0.003325153,3.25376761,0.001144811
abs_ret_4_per,Item_1.04,-3.54E-05,0.000640428,-0.055242253,0.955947204
abs_ret_4_per,Item_1.05,0.005132139,0.00338317,1.516961338,0.129326209
abs_ret_4_per,Item_2.01,-0.000679632,0.000165309,-4.111280232,3.98E-05
abs_ret_4_per,Item_2.02,0.009894924,0.000140761,70.29592089,0
abs_ret_4_per,Item_2.03,-0.001841638,0.000107935,-17.06243058,7.36E-64
abs_ret_4_per,Item_2.04,0.00022481,0.000646993,0.347469621,0.72825005
abs_ret_4_per,Item_2.05,0.004867826,0.000400236,12.16238674,1.16E-33
abs_ret_4_per,Item_2.06,-0.000190246,0.000651147,-0.292170008,0.770166183
abs_ret_4_per,Item_3.01,0.002129237,0.000313254,6.797152114,1.16E-11
abs_ret_4_per,Item_3.02,0.001689435,0.000182566,9.253847527,2.90E-20
abs_ret_4_per,Item_3.03,-1.75E-05,0.000243991,-0.071775561,0.942782782
abs_ret_4_per,Item_4.01,-0.000910128,0.00027063,-3.362998161,0.000775568
abs_ret_4_per,Item_4.02,0.003899879,0.00071888,5.424934279,6.01E-08
abs_ret_4_per,Item_5.01,0.001122668,0.000607665,1.847511418,0.064719522
abs_ret_4_per,Item_5.02,0.000102226,5.51E-05,1.856794299,0.063386687
abs_ret_4_per,Item_5.03,-0.000348252,0.000117161,-2.972413071,0.002965774
abs_ret_4_per,Item_5.04,-2.91E-05,0.000530324,-0.05481606,0.95628673
abs_ret_4_per,Item_5.05,-0.000602965,0.000462236,-1.304451379,0.192126988
abs_ret_4_per,Item_5.06,0.002000605,0.001275226,1.568823855,0.116738798
abs_ret_4_per,Item_5.07,-0.000323372,5.52E-05,-5.855579922,4.99E-09
abs_ret_4_per,Item_5.08,-0.001881651,0.00055228,-3.407060342,0.000660741
abs_ret_4_per,Item_7.01,0.001005285,0.000109155,9.209742025,4.36E-20
abs_ret_4_per,Item_8.01,0.001498929,9.03E-05,16.5947026,1.41E-60
abs_ret_4_per,Item_9.01,0.001255927,8.27E-05,15.19520517,3.00E-51
abs_ret_33_per,Item_1.01,0.002996399,0.000185101,16.18793572,8.70E-58
abs_ret_33_per,Item_1.02,0.001801324,0.000379119,4.751346389,2.07E-06
abs_ret_33_per,Item_1.03,0.028983245,0.005409349,5.357991321,8.71E-08
abs_ret_33_per,Item_1.04,-0.000351605,0.001513813,-0.232264706,0.816339909
abs_ret_33_per,Item_1.05,-0.005127609,0.00474052,-1.081655375,0.27944677
abs_ret_33_per,Item_2.01,-0.000421269,0.000341801,-1.232495983,0.217809504
abs_ret_33_per,Item_2.02,0.019840438,0.000236459,83.90629168,0
abs_ret_33_per,Item_2.03,-0.003633542,0.000217376,-16.71547761,2.05E-61
abs_ret_33_per,Item_2.04,0.002503147,0.001523083,1.643473701,0.100334477
abs_ret_33_per,Item_2.05,0.00918988,0.000745171,12.33258096,1.50E-34
abs_ret_33_per,Item_2.06,8.47E-05,0.001212361,0.06986757,0.944301266
abs_ret_33_per,Item_3.01,0.005537317,0.000596496,9.283074607,2.21E-20
abs_ret_33_per,Item_3.02,0.003919638,0.000368075,10.64903025,2.93E-26
abs_ret_33_per,Item_3.03,0.000983658,0.000524867,1.874109522,0.060961219
abs_ret_33_per,Item_4.01,-0.000254644,0.000568326,-0.448059171,0.654125782
abs_ret_33_per,Item_4.02,0.006040221,0.001449944,4.16583022,3.14E-05
abs_ret_33_per,Item_5.01,0.005464715,0.001392901,3.923261675,8.83E-05
abs_ret_33_per,Item_5.02,0.000795834,0.000102597,7.756891004,1.01E-14
abs_ret_33_per,Item_5.03,0.000292495,0.000242484,1.206242438,0.227768971
abs_ret_33_per,Item_5.04,4.25E-06,0.001160108,0.003662792,0.997077637
abs_ret_33_per,Item_5.05,0.001859434,0.001127617,1.648994134,0.09919831
abs_ret_33_per,Item_5.06,0.001852709,0.002703853,0.685210617,0.493236041
abs_ret_33_per,Item_5.07,-0.000687605,0.000115491,-5.953770164,2.76E-09
abs_ret_33_per,Item_5.08,-0.00192709,0.001305123,-1.476557425,0.139843907
abs_ret_33_per,Item_7.01,0.002252022,0.000193419,11.64322798,5.12E-31
abs_ret_33_per,Item_8.01,0.002640444,0.000153935,17.15296512,1.67E-64
abs_ret_33_per,Item_9.01,0.001981086,0.000142637,13.88896874,3.15E-43
abs_ret_66_per,Item_1.01,0.003465648,0.000230381,15.0430831,2.80E-50
abs_ret_66_per,Item_1.02,0.002139445,0.000526919,4.06029014,4.96E-05
abs_ret_66_per,Item_1.03,0.035180413,0.008088912,4.349214728,1.39E-05
abs_ret_66_per,Item_1.04,0.000434831,0.002234541,0.194595389,0.84571594
abs_ret_66_per,Item_1.05,0.000952409,0.004365415,0.218171543,0.827302469
abs_ret_66_per,Item_2.01,0.000475143,0.000442837,1.072951578,0.283333628
abs_ret_66_per,Item_2.02,0.021157471,0.000272007,77.78276993,0
abs_ret_66_per,Item_2.03,-0.004126141,0.000288254,-14.31426383,9.14E-46
abs_ret_66_per,Item_2.04,0.001168053,0.001869401,0.624827281,0.532106881
abs_ret_66_per,Item_2.05,0.011345776,0.000989058,11.47129793,3.64E-30
abs_ret_66_per,Item_2.06,0.000262268,0.001637047,0.160208082,0.872722261
abs_ret_66_per,Item_3.01,0.006360707,0.000815189,7.802740157,7.04E-15
abs_ret_66_per,Item_3.02,0.005241399,0.000522224,10.03669021,1.57E-23
abs_ret_66_per,Item_3.03,0.001734709,0.000696345,2.491164074,0.012757876
abs_ret_66_per,Item_4.01,-0.000487919,0.000768658,-0.634767819,0.525602731
abs_ret_66_per,Item_4.02,0.008976737,0.001831891,4.900257011,9.81E-07
abs_ret_66_per,Item_5.01,0.008304495,0.001909694,4.348600948,1.39E-05
abs_ret_66_per,Item_5.02,0.000754538,0.00013258,5.691172615,1.32E-08
abs_ret_66_per,Item_5.03,0.000642624,0.000322234,1.994277265,0.046164461
abs_ret_66_per,Item_5.04,-0.000324959,0.001595829,-0.203630145,0.838649061
abs_ret_66_per,Item_5.05,0.001633305,0.001534198,1.064598645,0.287098085
abs_ret_66_per,Item_5.06,0.003845552,0.003588942,1.071500056,0.283985381
abs_ret_66_per,Item_5.07,-0.000665351,0.000156371,-4.254947882,2.12E-05
abs_ret_66_per,Item_5.08,-0.002285313,0.001800311,-1.269399056,0.204345308
abs_ret_66_per,Item_7.01,0.002471227,0.000229964,10.74615975,1.05E-26
abs_ret_66_per,Item_8.01,0.002790218,0.000187182,14.90646371,2.04E-49
abs_ret_66_per,Item_9.01,0.002160145,0.000175032,12.34146423,1.35E-34
log_retail_2per,Item_1.01,6.07E-06,1.72E-06,3.538560931,0.000405195
log_retail_2per,Item_1.02,-4.93E-06,2.27E-06,-2.166167197,0.030335542
log_retail_2per,Item_1.03,3.31E-05,6.89E-05,0.480837726,0.630648419
log_retail_2per,Item_1.04,-2.02E-05,1.40E-05,-1.442380548,0.149244422
log_retail_2per,Item_1.05,8.57E-06,1.18E-05,0.726789659,0.467381639
log_retail_2per,Item_2.01,2.29E-06,2.16E-06,1.059316431,0.289496031
log_retail_2per,Item_2.02,1.46E-05,1.54E-06,9.462987317,4.12E-21
log_retail_2per,Item_2.03,-9.85E-06,1.86E-06,-5.295101447,1.23E-07
log_retail_2per,Item_2.04,-1.24E-05,8.16E-06,-1.520090286,0.128538129
log_retail_2per,Item_2.05,1.58E-05,5.12E-06,3.092939703,0.001990456
log_retail_2per,Item_2.06,3.71E-06,9.91E-06,0.373892038,0.708497137
log_retail_2per,Item_3.01,-2.71E-05,4.86E-06,-5.571824556,2.62E-08
log_retail_2per,Item_3.02,-3.58E-06,3.33E-06,-1.072469827,0.28354986
log_retail_2per,Item_3.03,-1.22E-05,3.71E-06,-3.282988078,0.001032692
log_retail_2per,Item_4.01,-1.91E-05,3.20E-06,-5.982368816,2.32E-09
log_retail_2per,Item_4.02,-1.23E-05,6.20E-06,-1.984825217,0.04720693
log_retail_2per,Item_5.01,2.47E-05,9.71E-06,2.539084408,0.011137986
log_retail_2per,Item_5.02,-5.12E-06,1.15E-06,-4.445925142,8.90E-06
log_retail_2per,Item_5.03,-3.28E-06,1.74E-06,-1.880906261,0.060030442
log_retail_2per,Item_5.04,1.23E-05,6.54E-06,1.875206203,0.060810267
log_retail_2per,Item_5.05,-2.43E-06,6.35E-06,-0.382162375,0.702353731
log_retail_2per,Item_5.06,-3.20E-05,1.32E-05,-2.420499042,0.015527123
log_retail_2per,Item_5.07,-3.78E-06,1.01E-06,-3.721572624,0.000199699
log_retail_2per,Item_5.08,-2.37E-05,6.90E-06,-3.432716915,0.000601385
log_retail_2per,Item_7.01,1.01E-05,1.29E-06,7.820904609,6.10E-15
log_retail_2per,Item_8.01,1.30E-05,1.19E-06,10.86313846,3.00E-27
log_retail_2per,Item_9.01,5.01E-06,1.62E-06,3.085970607,0.002037633
log_retail_4per,Item_1.01,2.33E-05,3.38E-06,6.879231711,6.59E-12
log_retail_4per,Item_1.02,-1.75E-06,4.93E-06,-0.354156494,0.723233378
log_retail_4per,Item_1.03,0.000141855,0.000147722,0.960286228,0.336947782
log_retail_4per,Item_1.04,-4.23E-05,2.81E-05,-1.506660603,0.131947472
log_retail_4per,Item_1.05,8.55E-06,2.42E-05,0.353588723,0.723658878
log_retail_4per,Item_2.01,-5.26E-06,4.17E-06,-1.261449299,0.207193404
log_retail_4per,Item_2.02,3.98E-05,3.13E-06,12.68698085,1.93E-36
log_retail_4per,Item_2.03,-3.48E-05,3.71E-06,-9.380896666,8.91E-21
log_retail_4per,Item_2.04,-1.51E-05,1.75E-05,-0.864860627,0.387147996
log_retail_4per,Item_2.05,5.09E-05,1.11E-05,4.576521884,4.82E-06
log_retail_4per,Item_2.06,1.90E-05,2.26E-05,0.840651733,0.400574755
log_retail_4per,Item_3.01,-6.27E-05,1.00E-05,-6.267191812,3.92E-10
log_retail_4per,Item_3.02,3.56E-06,7.03E-06,0.505928309,0.61292456
log_retail_4per,Item_3.03,-1.48E-05,7.98E-06,-1.848400858,0.064590888
log_retail_4per,Item_4.01,-4.05E-05,6.45E-06,-6.273181741,3.77E-10
log_retail_4per,Item_4.02,-1.48E-05,1.49E-05,-0.991262668,0.321595149
log_retail_4per,Item_5.01,3.64E-05,1.89E-05,1.926252316,0.054117511
log_retail_4per,Item_5.02,-1.06E-05,1.65E-06,-6.455200581,1.16E-10
log_retail_4per,Item_5.03,-5.54E-06,3.49E-06,-1.588555276,0.112210672
log_retail_4per,Item_5.04,1.70E-05,8.97E-06,1.900437742,0.057420993
log_retail_4per,Item_5.05,-8.13E-06,1.12E-05,-0.725004428,0.468476058
log_retail_4per,Item_5.06,-7.24E-05,2.74E-05,-2.642142391,0.008258569
log_retail_4per,Item_5.07,-9.37E-06,1.28E-06,-7.289698731,3.48E-13
log_retail_4per,Item_5.08,-5.81E-05,1.34E-05,-4.328996498,1.52E-05
log_retail_4per,Item_7.01,2.90E-05,2.73E-06,10.62928338,3.61E-26
log_retail_4per,Item_8.01,3.60E-05,2.54E-06,14.17719664,6.13E-45
log_retail_4per,Item_9.01,1.31E-05,2.78E-06,4.690769751,2.78E-06
log_retail_33per,Item_1.01,0.000404163,2.24E-05,18.02950199,6.59E-71
log_retail_33per,Item_1.02,0.000106403,4.41E-05,2.41050461,0.015958754
log_retail_33per,Item_1.03,0.002010252,0.001073384,1.872817652,0.06113956
log_retail_33per,Item_1.04,-0.000180201,0.0002026,-0.889444411,0.373798038
log_retail_33per,Item_1.05,-0.000236346,0.000193076,-1.224110738,0.220955949
log_retail_33per,Item_2.01,-6.83E-05,3.37E-05,-2.029095539,0.042490265
log_retail_33per,Item_2.02,0.001040754,2.91E-05,35.74977072,3.72E-255
log_retail_33per,Item_2.03,-0.000440272,2.66E-05,-16.53925527,3.44E-60
log_retail_33per,Item_2.04,0.000213594,0.000175909,1.214233685,0.224703734
log_retail_33per,Item_2.05,0.000973029,0.000101274,9.607926983,1.04E-21
log_retail_33per,Item_2.06,-1.73E-05,0.00015011,-0.115291045,0.908218088
log_retail_33per,Item_3.01,0.000238234,8.64E-05,2.75820652,0.005828607
log_retail_33per,Item_3.02,0.000561423,5.97E-05,9.409056058,6.85E-21
log_retail_33per,Item_3.03,9.83E-05,5.83E-05,1.686418958,0.091764341
log_retail_33per,Item_4.01,-4.91E-05,6.21E-05,-0.790636959,0.42918545
log_retail_33per,Item_4.02,0.00042688,0.000163583,2.609567106,0.009086994
log_retail_33per,Item_5.01,0.000704807,0.000189149,3.726189543,0.000196087
log_retail_33per,Item_5.02,2.11E-05,1.08E-05,1.950894016,0.051113653
log_retail_33per,Item_5.03,3.46E-05,2.64E-05,1.308171705,0.19086251
log_retail_33per,Item_5.04,-6.06E-05,6.64E-05,-0.91276538,0.361400662
log_retail_33per,Item_5.05,0.000193878,0.000119897,1.617039165,0.105919584
log_retail_33per,Item_5.06,0.000567903,0.000371236,1.529763234,0.126125243
log_retail_33per,Item_5.07,-5.04E-05,9.55E-06,-5.271549173,1.40E-07
log_retail_33per,Item_5.08,-0.00019915,0.000137119,-1.452384496,0.146444218
log_retail_33per,Item_7.01,0.000160901,2.15E-05,7.495825127,7.49E-14
log_retail_33per,Item_8.01,0.000327906,2.02E-05,16.20314842,6.89E-58
log_retail_33per,Item_9.01,0.000126336,1.78E-05,7.105378044,1.33E-12
log_retail_66per,Item_1.01,0.000783476,4.23E-05,18.51499982,1.41E-74
log_retail_66per,Item_1.02,0.000216773,8.69E-05,2.494676573,0.012632463
log_retail_66per,Item_1.03,0.004168563,0.002319648,1.797066784,0.072372616
log_retail_66per,Item_1.04,-0.000207467,0.000368194,-0.563471627,0.573133712
log_retail_66per,Item_1.05,-0.000159752,0.000369557,-0.432278509,0.665553714
log_retail_66per,Item_2.01,-0.000106199,6.67E-05,-1.591335621,0.111583944
log_retail_66per,Item_2.02,0.00145517,4.68E-05,31.11562651,6.21E-198
log_retail_66per,Item_2.03,-0.000789675,5.20E-05,-15.17201066,4.25E-51
log_retail_66per,Item_2.04,0.000608572,0.000355183,1.713405713,0.086686835
log_retail_66per,Item_2.05,0.001777578,0.000191217,9.296110638,1.96E-20
log_retail_66per,Item_2.06,-5.14E-05,0.00027968,-0.183735355,0.85422695
log_retail_66per,Item_3.01,0.000689022,0.000174996,3.937365854,8.33E-05
log_retail_66per,Item_3.02,0.001243011,0.000118109,10.5242914,1.09E-25
log_retail_66per,Item_3.03,0.000278584,0.000118868,2.343636018,0.019127538
log_retail_66per,Item_4.01,-1.67E-05,0.000124298,-0.134461683,0.893041779
log_retail_66per,Item_4.02,0.000943092,0.000305511,3.08693366,0.002031061
log_retail_66per,Item_5.01,0.001458489,0.000366417,3.980405867,6.96E-05
log_retail_66per,Item_5.02,6.21E-05,2.07E-05,3.003315993,0.002680979
log_retail_66per,Item_5.03,0.000119455,5.16E-05,2.317152177,0.020527156
log_retail_66per,Item_5.04,-0.000163612,0.000142362,-1.149263981,0.250490519
log_retail_66per,Item_5.05,0.000373683,0.000228866,1.632755671,0.102570076
log_retail_66per,Item_5.06,0.001618593,0.000734549,2.203519565,0.027593992
log_retail_66per,Item_5.07,-5.72E-05,1.82E-05,-3.150440812,0.001637831
log_retail_66per,Item_5.08,-0.000118395,0.000260389,-0.454684218,0.649352011
log_retail_66per,Item_7.01,0.000241264,3.73E-05,6.468915508,1.06E-10
log_retail_66per,Item_8.01,0.00057874,3.74E-05,15.49308029,3.61E-53
log_retail_66per,Item_9.01,0.00018129,3.25E-05,5.571037117,2.64E-08
log_retail_vol_2per,Item_1.01,-0.003689556,0.001174498,-3.141390954,0.001689211
log_retail_vol_2per,Item_1.02,-0.007577929,0.002290417,-3.308537363,0.000943073
log_retail_vol_2per,Item_1.03,-0.006028982,0.026496019,-0.227542929,0.820008926
log_retail_vol_2per,Item_1.04,-0.013250008,0.018570287,-0.713505797,0.475559078
log_retail_vol_2per,Item_1.05,-0.020186413,0.007850196,-2.571453556,0.010149835
log_retail_vol_2per,Item_2.01,0.00157473,0.002393786,0.657840935,0.51066422
log_retail_vol_2per,Item_2.02,-0.004209387,0.000902482,-4.664233926,3.16E-06
log_retail_vol_2per,Item_2.03,0.006924152,0.001480756,4.676093752,2.98E-06
log_retail_vol_2per,Item_2.04,-0.003561863,0.009020833,-0.394848588,0.692967911
log_retail_vol_2per,Item_2.05,0.000782805,0.003682448,0.212577261,0.83166354
log_retail_vol_2per,Item_2.06,0.009278102,0.007062449,1.313723041,0.188986937
log_retail_vol_2per,Item_3.01,-0.027687098,0.004719839,-5.86611081,4.69E-09
log_retail_vol_2per,Item_3.02,-0.011053845,0.002187215,-5.053843874,4.45E-07
log_retail_vol_2per,Item_3.03,-0.001686993,0.003207799,-0.525903672,0.598973523
log_retail_vol_2per,Item_4.01,-0.011767879,0.004144772,-2.839210203,0.004536919
log_retail_vol_2per,Item_4.02,-0.014400101,0.007911869,-1.820063104,0.068796503
log_retail_vol_2per,Item_5.01,0.015085352,0.00855406,1.763531362,0.07785905
log_retail_vol_2per,Item_5.02,0.002914577,0.0007402,3.9375538,8.32E-05
log_retail_vol_2per,Item_5.03,-6.07E-05,0.00161815,-0.037483236,0.970100886
log_retail_vol_2per,Item_5.04,0.016723967,0.010074657,1.66000358,0.096963163
log_retail_vol_2per,Item_5.05,-0.016610624,0.007863985,-2.112240016,0.034704852
log_retail_vol_2per,Item_5.06,-0.019155488,0.011680961,-1.639889774,0.101077675
log_retail_vol_2per,Item_5.07,0.001428198,0.000859679,1.661315958,0.096699426
log_retail_vol_2per,Item_5.08,-0.012761964,0.010635206,-1.199973401,0.230194488
log_retail_vol_2per,Item_7.01,0.003188049,0.000846806,3.764791743,0.000168194
log_retail_vol_2per,Item_8.01,0.002300403,0.000783821,2.934857621,0.003348977
log_retail_vol_2per,Item_9.01,-0.001920616,0.000809888,-2.37145977,0.017747667
log_retail_vol_4per,Item_1.01,-0.002933012,0.001106336,-2.651104142,0.008042848
log_retail_vol_4per,Item_1.02,-0.005147851,0.002123009,-2.424789659,0.015345006
log_retail_vol_4per,Item_1.03,-0.032232868,0.026164652,-1.231924205,0.218023065
log_retail_vol_4per,Item_1.04,-0.01058334,0.018088258,-0.585094459,0.558505017
log_retail_vol_4per,Item_1.05,-0.000608396,0.015537976,-0.039155408,0.968767718
log_retail_vol_4per,Item_2.01,0.00040202,0.002130557,0.188692461,0.850339897
log_retail_vol_4per,Item_2.02,-0.003411489,0.000865492,-3.941673499,8.18E-05
log_retail_vol_4per,Item_2.03,0.005783768,0.001395598,4.144293719,3.45E-05
log_retail_vol_4per,Item_2.04,0.00226741,0.008756567,0.258938296,0.795691252
log_retail_vol_4per,Item_2.05,-0.000282237,0.003096747,-0.091139917,0.927384293
log_retail_vol_4per,Item_2.06,0.01397391,0.00653394,2.138665073,0.032500887
log_retail_vol_4per,Item_3.01,-0.028853461,0.00425464,-6.781644813,1.30E-11
log_retail_vol_4per,Item_3.02,-0.010528686,0.002067198,-5.093216261,3.62E-07
log_retail_vol_4per,Item_3.03,-0.00142165,0.003008327,-0.472571813,0.636534955
log_retail_vol_4per,Item_4.01,-0.009090403,0.004111247,-2.21110576,0.027064051
log_retail_vol_4per,Item_4.02,-0.013328525,0.007271419,-1.83300196,0.066849122
log_retail_vol_4per,Item_5.01,0.013773286,0.007903456,1.742691515,0.081435976
log_retail_vol_4per,Item_5.02,0.002772835,0.000693512,3.998253443,6.45E-05
log_retail_vol_4per,Item_5.03,0.000624204,0.001534145,0.406874077,0.684114205
log_retail_vol_4per,Item_5.04,0.018405599,0.010460005,1.759616708,0.078521017
log_retail_vol_4per,Item_5.05,-0.011575852,0.007515903,-1.540181208,0.123566071
log_retail_vol_4per,Item_5.06,-0.024121522,0.011109713,-2.171210189,0.02995224
log_retail_vol_4per,Item_5.07,0.002179886,0.000826176,2.638526009,0.008347076
log_retail_vol_4per,Item_5.08,-0.016850885,0.00944721,-1.78368905,0.074522001
log_retail_vol_4per,Item_7.01,0.002845449,0.000805934,3.530624488,0.000417523
log_retail_vol_4per,Item_8.01,0.002076812,0.000743146,2.794621171,0.005211662
log_retail_vol_4per,Item_9.01,-0.001489219,0.000789574,-1.886104945,0.05932646
log_retail_vol_33per,Item_1.01,-0.002076717,0.000577248,-3.597618188,0.000323593
log_retail_vol_33per,Item_1.02,-0.002293525,0.001100479,-2.084115246,0.037189631
log_retail_vol_33per,Item_1.03,0.019552107,0.041306207,0.473345485,0.635983015
log_retail_vol_33per,Item_1.04,-0.001846147,0.005136598,-0.359410447,0.719300032
log_retail_vol_33per,Item_1.05,0.017533348,0.009284944,1.888363339,0.05902281
log_retail_vol_33per,Item_2.01,0.00100366,0.001190841,0.842815877,0.399363226
log_retail_vol_33per,Item_2.02,0.006315705,0.000455201,13.87453868,3.84E-43
log_retail_vol_33per,Item_2.03,0.006017578,0.00070672,8.514804241,2.06E-17
log_retail_vol_33per,Item_2.04,0.001522208,0.004882262,0.311783286,0.755215481
log_retail_vol_33per,Item_2.05,0.007779833,0.00153103,5.081439169,3.85E-07
log_retail_vol_33per,Item_2.06,0.000712273,0.00256575,0.277608143,0.781322234
log_retail_vol_33per,Item_3.01,-0.010538408,0.00266291,-3.95747875,7.66E-05
log_retail_vol_33per,Item_3.02,-0.002556912,0.001318108,-1.939835634,0.052443969
log_retail_vol_33per,Item_3.03,0.001896666,0.001672783,1.133838293,0.256905263
log_retail_vol_33per,Item_4.01,-0.000600986,0.002438327,-0.246474704,0.805322765
log_retail_vol_33per,Item_4.02,-0.006757667,0.003810517,-1.773425382,0.076206249
log_retail_vol_33per,Item_5.01,0.014692076,0.004307415,3.410879707,0.00065158
log_retail_vol_33per,Item_5.02,0.003846042,0.000342519,11.22870357,5.53E-29
log_retail_vol_33per,Item_5.03,0.002796203,0.000783236,3.570061722,0.00035954
log_retail_vol_33per,Item_5.04,0.002624319,0.005171713,0.50743699,0.61186589
log_retail_vol_33per,Item_5.05,-0.003809615,0.003042569,-1.252104535,0.210577971
log_retail_vol_33per,Item_5.06,0.015157999,0.006896642,2.197881114,0.027993611
log_retail_vol_33per,Item_5.07,0.002036971,0.000409703,4.971826412,6.81E-07
log_retail_vol_33per,Item_5.08,-0.003833937,0.005031629,-0.761967184,0.446107938
log_retail_vol_33per,Item_7.01,0.000353221,0.000443104,0.797153043,0.42539201
log_retail_vol_33per,Item_8.01,0.001330555,0.000411632,3.232391672,0.001233866
log_retail_vol_33per,Item_9.01,-0.000660096,0.000386766,-1.706705061,0.087925863
log_retail_vol_66per,Item_1.01,-0.00138613,0.000534734,-2.592188104,0.009558656
log_retail_vol_66per,Item_1.02,-0.002571195,0.001091787,-2.35503322,0.018551372
log_retail_vol_66per,Item_1.03,0.015574184,0.038572686,0.403761971,0.686401387
log_retail_vol_66per,Item_1.04,-0.000537515,0.005364745,-0.100193913,0.920193548
log_retail_vol_66per,Item_1.05,0.025285835,0.011205149,2.256626314,0.024065361
log_retail_vol_66per,Item_2.01,-0.000259047,0.001052923,-0.246026446,0.805669728
log_retail_vol_66per,Item_2.02,0.000194463,0.000356411,0.545615051,0.585349781
log_retail_vol_66per,Item_2.03,0.002901102,0.00066487,4.363413705,1.30E-05
log_retail_vol_66per,Item_2.04,0.00431211,0.004650919,0.927152141,0.353882857
log_retail_vol_66per,Item_2.05,0.007777988,0.001574648,4.939509863,8.03E-07
log_retail_vol_66per,Item_2.06,-0.000844344,0.002865428,-0.29466602,0.768258676
log_retail_vol_66per,Item_3.01,-0.001711086,0.002622311,-0.652510892,0.514095317
log_retail_vol_66per,Item_3.02,0.002276085,0.001276612,1.782910441,0.074648737
log_retail_vol_66per,Item_3.03,0.003081456,0.00154892,1.989421883,0.046697572
log_retail_vol_66per,Item_4.01,0.00328507,0.002175852,1.509785837,0.131147937
log_retail_vol_66per,Item_4.02,0.001887716,0.003906935,0.483170673,0.628991249
log_retail_vol_66per,Item_5.01,0.011057285,0.003610678,3.062384406,0.002205022
log_retail_vol_66per,Item_5.02,0.001962494,0.000288715,6.797343847,1.16E-11
log_retail_vol_66per,Item_5.03,0.001530043,0.000690354,2.216317383,0.026705157
log_retail_vol_66per,Item_5.04,0.000128251,0.004842076,0.026486811,0.978869888
log_retail_vol_66per,Item_5.05,-0.002503047,0.002890409,-0.865983556,0.386531964
log_retail_vol_66per,Item_5.06,0.032190697,0.007437924,4.327914328,1.53E-05
log_retail_vol_66per,Item_5.07,0.000565683,0.000368088,1.536817197,0.124388006
log_retail_vol_66per,Item_5.08,-0.000544715,0.004890618,-0.111379567,0.91131889
log_retail_vol_66per,Item_7.01,-0.001368704,0.000351137,-3.89792492,9.80E-05
log_retail_vol_66per,Item_8.01,-0.000599787,0.000350864,-1.709458221,0.087415063
log_retail_vol_66per,Item_9.01,-0.001324711,0.000323643,-4.093120332,4.31E-05
lag_vol_2per,Item_1.01,0.000144749,1.35E-05,10.75277761,9.76E-27
lag_vol_2per,Item_1.02,4.95E-05,2.02E-05,2.451739453,0.014243492
lag_vol_2per,Item_1.03,0.000687311,0.000327259,2.100202059,0.035750402
lag_vol_2per,Item_1.04,0.000403082,0.000149396,2.698076003,0.006992582
lag_vol_2per,Item_1.05,9.41E-05,0.000218161,0.431247408,0.66630312
lag_vol_2per,Item_2.01,4.62E-05,1.99E-05,2.327266567,0.019982349
lag_vol_2per,Item_2.02,0.000331567,1.83E-05,18.1430634,9.22E-72
lag_vol_2per,Item_2.03,-6.69E-05,1.39E-05,-4.805473603,1.58E-06
lag_vol_2per,Item_2.04,-0.000100306,7.58E-05,-1.323531861,0.185706201
lag_vol_2per,Item_2.05,0.000202671,3.78E-05,5.364119915,8.42E-08
lag_vol_2per,Item_2.06,0.000128114,6.90E-05,1.856511877,0.0634269
lag_vol_2per,Item_3.01,-0.000179985,2.83E-05,-6.359459572,2.17E-10
lag_vol_2per,Item_3.02,0.000149471,2.33E-05,6.421004999,1.45E-10
lag_vol_2per,Item_3.03,-5.20E-05,3.03E-05,-1.713673038,0.086637582
lag_vol_2per,Item_4.01,-0.000153804,3.04E-05,-5.067246239,4.15E-07
lag_vol_2per,Item_4.02,-0.000104622,5.04E-05,-2.074387287,0.038083539
lag_vol_2per,Item_5.01,0.000163867,7.66E-05,2.13857142,0.032508427
lag_vol_2per,Item_5.02,6.58E-05,8.83E-06,7.448163943,1.07E-13
lag_vol_2per,Item_5.03,4.95E-05,1.67E-05,2.971241823,0.002977093
lag_vol_2per,Item_5.04,-6.22E-07,7.77E-05,-0.008006071,0.993612399
lag_vol_2per,Item_5.05,9.80E-05,6.68E-05,1.467508949,0.142287167
lag_vol_2per,Item_5.06,-0.000252509,0.000125853,-2.006389232,0.044857048
lag_vol_2per,Item_5.07,4.82E-05,7.21E-06,6.683363193,2.53E-11
lag_vol_2per,Item_5.08,-0.000101382,6.75E-05,-1.500936715,0.133421634
lag_vol_2per,Item_7.01,-1.74E-05,1.38E-05,-1.253549706,0.210051857
lag_vol_2per,Item_8.01,7.87E-05,1.24E-05,6.360666298,2.15E-10
lag_vol_2per,Item_9.01,6.72E-05,1.71E-05,3.925896913,8.73E-05
lag_vol_4per,Item_1.01,0.00038969,2.56E-05,15.20974078,2.43E-51
lag_vol_4per,Item_1.02,7.73E-05,3.80E-05,2.035234752,0.041868687
lag_vol_4per,Item_1.03,0.001915191,0.000723291,2.647884724,0.008119727
lag_vol_4per,Item_1.04,0.000690554,0.000226885,3.043630553,0.002346982
lag_vol_4per,Item_1.05,-0.00016447,0.000245889,-0.668878581,0.503597242
lag_vol_4per,Item_2.01,8.96E-05,3.57E-05,2.509481985,0.012115522
lag_vol_4per,Item_2.02,0.000516894,3.31E-05,15.59493827,7.77E-54
lag_vol_4per,Item_2.03,-0.000229675,2.63E-05,-8.722924729,3.42E-18
lag_vol_4per,Item_2.04,-4.07E-05,0.000147558,-0.276054927,0.782514859
lag_vol_4per,Item_2.05,0.000362035,6.76E-05,5.358461946,8.69E-08
lag_vol_4per,Item_2.06,0.00022632,0.00012139,1.864413368,0.062309767
lag_vol_4per,Item_3.01,-0.00014871,5.43E-05,-2.740953397,0.006143253
lag_vol_4per,Item_3.02,0.000372496,4.37E-05,8.526902531,1.86E-17
lag_vol_4per,Item_3.03,-6.88E-05,5.51E-05,-1.24870855,0.211817712
lag_vol_4per,Item_4.01,-0.000269649,5.63E-05,-4.785866291,1.74E-06
lag_vol_4per,Item_4.02,-0.000214446,9.10E-05,-2.35664377,0.018471119
lag_vol_4per,Item_5.01,0.000500502,0.000151864,3.295732946,0.000987038
lag_vol_4per,Item_5.02,0.000125314,1.61E-05,7.765259742,9.44E-15
lag_vol_4per,Item_5.03,0.000118505,3.08E-05,3.846114038,0.00012118
lag_vol_4per,Item_5.04,-3.79E-05,0.00013839,-0.273542952,0.784444774
lag_vol_4per,Item_5.05,0.000319991,0.00012048,2.655966763,0.007927895
lag_vol_4per,Item_5.06,-0.000402884,0.000272285,-1.479637397,0.139019632
lag_vol_4per,Item_5.07,8.33E-05,1.23E-05,6.79080009,1.22E-11
lag_vol_4per,Item_5.08,-0.000102714,0.000124586,-0.824447561,0.409716257
lag_vol_4per,Item_7.01,-1.47E-05,2.50E-05,-0.588824963,0.555999636
lag_vol_4per,Item_8.01,0.000182949,2.30E-05,7.959975478,2.02E-15
lag_vol_4per,Item_9.01,0.00012402,3.23E-05,3.842122258,0.000123164
lag_vol_33per,Item_1.01,0.002453237,0.000116116,21.12746372,8.31E-96
lag_vol_33per,Item_1.02,0.000528666,0.000189598,2.788353574,0.005313442
lag_vol_33per,Item_1.03,0.016571773,0.003914718,4.233197614,2.34E-05
lag_vol_33per,Item_1.04,0.000732642,0.000999085,0.733313483,0.463394337
lag_vol_33per,Item_1.05,-0.001325696,0.001215852,-1.09034304,0.275603455
lag_vol_33per,Item_2.01,0.000338495,0.000167193,2.024573779,0.042952941
lag_vol_33per,Item_2.02,0.001373458,0.000107307,12.79928782,4.74E-37
lag_vol_33per,Item_2.03,-0.002586754,0.000122791,-21.0663454,2.78E-95
lag_vol_33per,Item_2.04,0.000346818,0.000707747,0.490031595,0.624128479
lag_vol_33per,Item_2.05,0.00162714,0.000304068,5.351232775,9.04E-08
lag_vol_33per,Item_2.06,0.000140274,0.000459655,0.305172102,0.760245086
lag_vol_33per,Item_3.01,0.000464695,0.000298994,1.554196432,0.120187427
lag_vol_33per,Item_3.02,0.00204571,0.000228974,8.934235226,5.29E-19
lag_vol_33per,Item_3.03,-3.33E-05,0.000261668,-0.127155204,0.898821588
lag_vol_33per,Item_4.01,-0.000515599,0.000252169,-2.044659567,0.040929599
lag_vol_33per,Item_4.02,-0.000357816,0.000431101,-0.830006473,0.406566341
lag_vol_33per,Item_5.01,0.003860765,0.000889589,4.339940062,1.45E-05
lag_vol_33per,Item_5.02,-0.000102578,5.77E-05,-1.776571535,0.075686651
lag_vol_33per,Item_5.03,0.000284734,0.000136237,2.089988959,0.036658493
lag_vol_33per,Item_5.04,-0.000265936,0.000438943,-0.605855142,0.544632614
lag_vol_33per,Item_5.05,0.0010947,0.000521736,2.098188482,0.035927929
lag_vol_33per,Item_5.06,0.000389173,0.001633038,0.2383124,0.811646497
lag_vol_33per,Item_5.07,-0.000105037,4.86E-05,-2.159555822,0.030844408
lag_vol_33per,Item_5.08,-0.000515839,0.000610109,-0.845487153,0.397870774
lag_vol_33per,Item_7.01,0.000368661,8.62E-05,4.276397884,1.93E-05
lag_vol_33per,Item_8.01,0.001639616,9.22E-05,17.7892622,3.99E-69
lag_vol_33per,Item_9.01,0.000681872,0.000115036,5.927440579,3.24E-09
lag_vol_66per,Item_1.01,0.00489198,0.000223251,21.91242008,1.17E-102
lag_vol_66per,Item_1.02,0.001080224,0.000363899,2.968471885,0.003004029
lag_vol_66per,Item_1.03,0.03219434,0.007353435,4.378136159,1.22E-05
lag_vol_66per,Item_1.04,0.001892672,0.00215193,0.879522853,0.379151151
lag_vol_66per,Item_1.05,-0.001631546,0.002380717,-0.685316918,0.49316899
lag_vol_66per,Item_2.01,0.00064707,0.000316211,2.046321282,0.040765892
lag_vol_66per,Item_2.02,0.000927624,0.000201629,4.600651775,4.29E-06
lag_vol_66per,Item_2.03,-0.004887411,0.000233131,-20.96418438,2.08E-94
lag_vol_66per,Item_2.04,0.000345653,0.001422544,0.242982283,0.808026975
lag_vol_66per,Item_2.05,0.002882156,0.000557455,5.17020266,2.41E-07
lag_vol_66per,Item_2.06,-0.000112367,0.000806204,-0.139378138,0.88915577
lag_vol_66per,Item_3.01,0.001201121,0.000579093,2.074143024,0.038106258
lag_vol_66per,Item_3.02,0.004382817,0.000437936,10.00788537,2.10E-23
lag_vol_66per,Item_3.03,0.000632589,0.000528071,1.19792226,0.230992021
lag_vol_66per,Item_4.01,-0.000919347,0.000489608,-1.87772021,0.060465275
lag_vol_66per,Item_4.02,-0.000700631,0.000786344,-0.890997768,0.372964146
lag_vol_66per,Item_5.01,0.00776393,0.001724707,4.501592659,6.87E-06
lag_vol_66per,Item_5.02,-9.67E-05,0.000110859,-0.872294041,0.383080989
lag_vol_66per,Item_5.03,0.000688025,0.000264353,2.602676151,0.009271442
lag_vol_66per,Item_5.04,-0.000403936,0.000865894,-0.466495799,0.640876667
lag_vol_66per,Item_5.05,0.00263048,0.001084337,2.425888237,0.015298667
lag_vol_66per,Item_5.06,0.000329008,0.003227393,0.101942297,0.918805697
lag_vol_66per,Item_5.07,-0.000222623,9.07E-05,-2.455480877,0.014096251
lag_vol_66per,Item_5.08,-0.000835272,0.001146241,-0.728705322,0.466208827
lag_vol_66per,Item_7.01,0.000593549,0.000161221,3.681579857,0.000233718
lag_vol_66per,Item_8.01,0.003066017,0.000177061,17.31613421,1.13E-65
lag_vol_66per,Item_9.01,0.001108402,0.00022682,4.886699025,1.05E-06
lag_retail_2per,Item_1.01,1.44E-05,1.88E-06,7.664086632,2.07E-14
lag_retail_2per,Item_1.02,2.95E-06,3.19E-06,0.926294625,0.35432813
lag_retail_2per,Item_1.03,0.000103777,8.26E-05,1.256797004,0.20887343
lag_retail_2per,Item_1.04,9.46E-06,1.94E-05,0.486357417,0.626730579
lag_retail_2per,Item_1.05,-2.96E-05,1.35E-05,-2.192279742,0.028395522
lag_retail_2per,Item_2.01,2.97E-06,2.93E-06,1.013052946,0.311073513
lag_retail_2per,Item_2.02,5.86E-05,2.54E-06,23.08630877,2.67E-113
lag_retail_2per,Item_2.03,-1.59E-05,2.08E-06,-7.64732152,2.36E-14
lag_retail_2per,Item_2.04,-2.67E-05,1.06E-05,-2.527172686,0.011522595
lag_retail_2per,Item_2.05,3.19E-05,7.23E-06,4.407423802,1.06E-05
lag_retail_2per,Item_2.06,-3.45E-06,1.02E-05,-0.339662818,0.734121711
lag_retail_2per,Item_3.01,-4.69E-06,6.46E-06,-0.725115111,0.468408163
lag_retail_2per,Item_3.02,1.97E-05,4.28E-06,4.612430339,4.06E-06
lag_retail_2per,Item_3.03,8.53E-06,5.13E-06,1.662490198,0.096463936
lag_retail_2per,Item_4.01,-7.48E-06,4.84E-06,-1.547670507,0.121751535
lag_retail_2per,Item_4.02,-1.31E-05,8.64E-06,-1.518229405,0.129006414
lag_retail_2per,Item_5.01,4.03E-05,1.43E-05,2.826471556,0.004721119
lag_retail_2per,Item_5.02,1.32E-06,1.24E-06,1.067568857,0.285755667
lag_retail_2per,Item_5.03,3.20E-06,2.31E-06,1.385154486,0.166053945
lag_retail_2per,Item_5.04,-7.96E-06,9.32E-06,-0.853383067,0.393479133
lag_retail_2per,Item_5.05,6.08E-06,1.00E-05,0.608213866,0.543067416
lag_retail_2per,Item_5.06,-4.24E-05,2.24E-05,-1.89741617,0.057818403
lag_retail_2per,Item_5.07,-1.09E-06,1.03E-06,-1.053594364,0.292108803
lag_retail_2per,Item_5.08,-2.47E-06,1.13E-05,-0.219216839,0.826488192
lag_retail_2per,Item_7.01,-1.63E-06,1.87E-06,-0.871876818,0.383308582
lag_retail_2per,Item_8.01,1.07E-05,1.53E-06,6.955565606,3.86E-12
lag_retail_2per,Item_9.01,8.47E-06,1.95E-06,4.344366874,1.42E-05
lag_retail_4per,Item_1.01,5.05E-05,3.91E-06,12.8892213,1.53E-37
lag_retail_4per,Item_1.02,8.39E-06,6.56E-06,1.279912321,0.200622782
lag_retail_4per,Item_1.03,0.000609831,0.000233214,2.614898045,0.008946528
lag_retail_4per,Item_1.04,6.78E-06,3.08E-05,0.220355691,0.825601242
lag_retail_4per,Item_1.05,-7.01E-05,1.90E-05,-3.679506334,0.000235623
lag_retail_4per,Item_2.01,5.13E-06,6.23E-06,0.823042935,0.410514519
lag_retail_4per,Item_2.02,9.09E-05,4.74E-06,19.17740688,9.97E-80
lag_retail_4per,Item_2.03,-5.55E-05,4.33E-06,-12.81883533,3.71E-37
lag_retail_4per,Item_2.04,-1.28E-05,2.49E-05,-0.514130802,0.607178454
lag_retail_4per,Item_2.05,7.57E-05,1.45E-05,5.232812621,1.72E-07
lag_retail_4per,Item_2.06,1.07E-05,2.25E-05,0.477640234,0.632922748
lag_retail_4per,Item_3.01,4.33E-05,1.33E-05,3.266331629,0.001095295
lag_retail_4per,Item_3.02,8.19E-05,8.41E-06,9.748067718,2.69E-22
lag_retail_4per,Item_3.03,3.03E-05,1.01E-05,2.999692661,0.002713019
lag_retail_4per,Item_4.01,-9.17E-06,9.48E-06,-0.967076279,0.333542773
lag_retail_4per,Item_4.02,-2.19E-05,1.70E-05,-1.290363915,0.19697137
lag_retail_4per,Item_5.01,0.000109269,2.94E-05,3.717147374,0.000203221
lag_retail_4per,Item_5.02,2.91E-06,2.14E-06,1.362207246,0.173180859
lag_retail_4per,Item_5.03,8.03E-06,4.57E-06,1.756788641,0.079002087
lag_retail_4per,Item_5.04,-2.21E-05,1.49E-05,-1.484486664,0.137729549
lag_retail_4per,Item_5.05,1.51E-05,1.93E-05,0.782632725,0.433872035
lag_retail_4per,Item_5.06,-4.08E-05,4.88E-05,-0.83649446,0.402908303
lag_retail_4per,Item_5.07,-4.72E-06,1.74E-06,-2.718590151,0.006573907
lag_retail_4per,Item_5.08,2.73E-05,2.31E-05,1.177927562,0.238869677
lag_retail_4per,Item_7.01,2.27E-06,3.72E-06,0.609982416,0.541895307
lag_retail_4per,Item_8.01,2.74E-05,3.21E-06,8.519093512,1.99E-17
lag_retail_4per,Item_9.01,1.76E-05,3.92E-06,4.476518874,7.72E-06
lag_retail_33per,Item_1.01,0.00041208,2.27E-05,18.1148553,1.52E-71
lag_retail_33per,Item_1.02,6.38E-05,4.01E-05,1.591886785,0.111460015
lag_retail_33per,Item_1.03,0.003132355,0.001388113,2.256556259,0.02406974
lag_retail_33per,Item_1.04,-3.27E-05,0.000212189,-0.153984567,0.877626807
lag_retail_33per,Item_1.05,-0.000244014,0.000195239,-1.24981799,0.21141219
lag_retail_33per,Item_2.01,-4.51E-05,3.33E-05,-1.35482763,0.17552077
lag_retail_33per,Item_2.02,0.000239248,1.69E-05,14.13910463,1.04E-44
lag_retail_33per,Item_2.03,-0.000457849,2.62E-05,-17.49644715,5.61E-67
lag_retail_33per,Item_2.04,0.000134575,0.000175485,0.766874995,0.443184405
lag_retail_33per,Item_2.05,0.000423809,8.11E-05,5.222894315,1.82E-07
lag_retail_33per,Item_2.06,0.00012704,0.000125406,1.01302783,0.311085538
lag_retail_33per,Item_3.01,0.000119471,9.10E-05,1.312863213,0.189276578
lag_retail_33per,Item_3.02,0.000464576,5.60E-05,8.29890284,1.27E-16
lag_retail_33per,Item_3.03,-8.06E-07,5.47E-05,-0.0147259,0.98825132
lag_retail_33per,Item_4.01,-0.000108609,5.68E-05,-1.912218656,0.055893188
lag_retail_33per,Item_4.02,1.41E-05,0.000112206,0.125740577,0.899941269
lag_retail_33per,Item_5.01,0.000412206,0.000173432,2.376759948,0.017494971
lag_retail_33per,Item_5.02,-3.10E-05,9.71E-06,-3.196618018,0.001397317
lag_retail_33per,Item_5.03,2.71E-05,2.45E-05,1.104949418,0.269223451
lag_retail_33per,Item_5.04,-4.03E-05,6.81E-05,-0.591775296,0.554022175
lag_retail_33per,Item_5.05,3.56E-05,9.90E-05,0.359092399,0.719537929
lag_retail_33per,Item_5.06,0.000581327,0.000343625,1.691745843,0.090743602
lag_retail_33per,Item_5.07,-4.43E-05,9.19E-06,-4.815768644,1.50E-06
lag_retail_33per,Item_5.08,-1.05E-05,0.000144461,-0.072723637,0.942028333
lag_retail_33per,Item_7.01,0.000135956,1.54E-05,8.856547528,1.06E-18
lag_retail_33per,Item_8.01,0.000321299,1.79E-05,17.90168161,5.91E-70
lag_retail_33per,Item_9.01,9.60E-05,1.54E-05,6.224706866,5.13E-10
lag_retail_66per,Item_1.01,0.000954019,4.58E-05,20.81976379,3.56E-93
lag_retail_66per,Item_1.02,0.000239513,8.88E-05,2.697259854,0.007009772
lag_retail_66per,Item_1.03,0.005302057,0.002723574,1.946727588,0.051611536
lag_retail_66per,Item_1.04,-2.01E-05,0.0004819,-0.041632367,0.966793082
lag_retail_66per,Item_1.05,-0.000611421,0.000347623,-1.758862599,0.078649115
lag_retail_66per,Item_2.01,-0.000104489,6.74E-05,-1.549793126,0.121241122
lag_retail_66per,Item_2.02,0.000924322,4.06E-05,22.77129596,2.16E-110
lag_retail_66per,Item_2.03,-0.000990996,5.47E-05,-18.10221981,1.89E-71
lag_retail_66per,Item_2.04,0.000304698,0.000379602,0.80267769,0.422191158
lag_retail_66per,Item_2.05,0.001393742,0.000185838,7.499762942,7.27E-14
lag_retail_66per,Item_2.06,4.88E-05,0.000261451,0.186683422,0.851914832
lag_retail_66per,Item_3.01,0.000578259,0.000178363,3.242029575,0.001192958
lag_retail_66per,Item_3.02,0.001305759,0.000118372,11.03093654,4.87E-28
lag_retail_66per,Item_3.03,0.000107581,0.00012003,0.896284249,0.37013502
lag_retail_66per,Item_4.01,-0.000189126,0.00012031,-1.571993077,0.116002088
lag_retail_66per,Item_4.02,0.000399896,0.000264961,1.509265579,0.13128079
lag_retail_66per,Item_5.01,0.000733634,0.000341222,2.150020732,0.031591308
lag_retail_66per,Item_5.02,1.98E-05,2.05E-05,0.965848912,0.334156652
lag_retail_66per,Item_5.03,4.59E-05,5.12E-05,0.89517707,0.370726445
lag_retail_66per,Item_5.04,-0.00021322,0.000143899,-1.481726597,0.138462786
lag_retail_66per,Item_5.05,0.00020635,0.000230966,0.89342228,0.371665008
lag_retail_66per,Item_5.06,0.002075643,0.000784312,2.646449499,0.008154275
lag_retail_66per,Item_5.07,-8.60E-05,1.81E-05,-4.763470795,1.95E-06
lag_retail_66per,Item_5.08,2.20E-05,0.000295548,0.074360188,0.940726134
lag_retail_66per,Item_7.01,0.000229597,3.40E-05,6.751191842,1.60E-11
lag_retail_66per,Item_8.01,0.000656798,3.77E-05,17.44087445,1.42E-66
lag_retail_66per,Item_9.01,0.000202925,3.16E-05,6.416137756,1.50E-10
lag_retail_vol_2per,Item_1.01,-0.001785927,0.000881776,-2.025374527,0.042870715
lag_retail_vol_2per,Item_1.02,-0.001846176,0.001783514,-1.035133898,0.300645845
lag_retail_vol_2per,Item_1.03,0.033693858,0.044796331,0.752156648,0.45198477
lag_retail_vol_2per,Item_1.04,0.004538036,0.010369445,0.437635373,0.661665526
lag_retail_vol_2per,Item_1.05,-0.00510668,0.007847692,-0.650723826,0.51524835
lag_retail_vol_2per,Item_2.01,3.06E-05,0.001804247,0.016938282,0.986486385
lag_retail_vol_2per,Item_2.02,0.008168836,0.000637082,12.82226145,3.55E-37
lag_retail_vol_2per,Item_2.03,0.002332184,0.001041246,2.239800992,0.02513835
lag_retail_vol_2per,Item_2.04,-0.001590219,0.006177956,-0.257402188,0.796876664
lag_retail_vol_2per,Item_2.05,0.004376841,0.002810145,1.557514063,0.119398374
lag_retail_vol_2per,Item_2.06,0.002470768,0.005115731,0.482974609,0.629130434
lag_retail_vol_2per,Item_3.01,-0.00971217,0.003673843,-2.643599375,0.008223148
lag_retail_vol_2per,Item_3.02,-0.004989202,0.001747692,-2.854737172,0.004321218
lag_retail_vol_2per,Item_3.03,0.004906023,0.002415263,2.031258062,0.042270435
lag_retail_vol_2per,Item_4.01,-0.001873188,0.003237873,-0.578524187,0.562930813
lag_retail_vol_2per,Item_4.02,0.000582271,0.007199195,0.080879976,0.935539957
lag_retail_vol_2per,Item_5.01,0.003352944,0.006391874,0.524563461,0.599905024
lag_retail_vol_2per,Item_5.02,0.001883127,0.000511012,3.685093872,0.000230524
lag_retail_vol_2per,Item_5.03,0.001207389,0.001168372,1.033394183,0.301458865
lag_retail_vol_2per,Item_5.04,0.009892956,0.007560078,1.308578564,0.190724557
lag_retail_vol_2per,Item_5.05,-0.010405971,0.005506168,-1.889875565,0.058820159
lag_retail_vol_2per,Item_5.06,-0.00257916,0.009388372,-0.274718546,0.783541428
lag_retail_vol_2per,Item_5.07,-0.000472673,0.00057747,-0.818524085,0.413088744
lag_retail_vol_2per,Item_5.08,0.002706015,0.007451692,0.363140977,0.716511677
lag_retail_vol_2per,Item_7.01,0.000202745,0.000612638,0.330938462,0.7407019
lag_retail_vol_2per,Item_8.01,0.000897127,0.000555285,1.615613945,0.10622754
lag_retail_vol_2per,Item_9.01,0.000433003,0.000603597,0.717371895,0.473171073
lag_retail_vol_4per,Item_1.01,-0.001187979,0.000676376,-1.756387083,0.079070589
lag_retail_vol_4per,Item_1.02,-0.000946109,0.001380693,-0.685242656,0.493215851
lag_retail_vol_4per,Item_1.03,0.039812374,0.036933759,1.077939946,0.281101549
lag_retail_vol_4per,Item_1.04,-0.008601785,0.005422935,-1.586186043,0.11274696
lag_retail_vol_4per,Item_1.05,-0.00410176,0.004132307,-0.992607801,0.320938985
lag_retail_vol_4per,Item_2.01,-0.001105279,0.001375645,-0.803462261,0.421737708
lag_retail_vol_4per,Item_2.02,0.00600803,0.000523793,11.47023874,3.69E-30
lag_retail_vol_4per,Item_2.03,-0.000388328,0.0007654,-0.50735322,0.611924641
lag_retail_vol_4per,Item_2.04,-0.004841659,0.005055204,-0.957757397,0.338221609
lag_retail_vol_4per,Item_2.05,0.001790931,0.002003519,0.893892666,0.371413237
lag_retail_vol_4per,Item_2.06,0.001303845,0.003554554,0.36680986,0.713773088
lag_retail_vol_4per,Item_3.01,0.005116746,0.003282264,1.558907381,0.119068192
lag_retail_vol_4per,Item_3.02,0.001981761,0.001378959,1.43714304,0.150726678
lag_retail_vol_4per,Item_3.03,0.002988358,0.001862196,1.604749605,0.108598704
lag_retail_vol_4per,Item_4.01,0.002135313,0.00283467,0.753284489,0.451306935
lag_retail_vol_4per,Item_4.02,-0.007612776,0.004682905,-1.625652658,0.104073245
lag_retail_vol_4per,Item_5.01,0.013851003,0.005600444,2.473197374,0.013417021
lag_retail_vol_4per,Item_5.02,0.000356468,0.000380609,0.93657212,0.349014355
lag_retail_vol_4per,Item_5.03,0.001525717,0.000895702,1.703374978,0.088546903
lag_retail_vol_4per,Item_5.04,0.003563678,0.004569044,0.779961513,0.435442631
lag_retail_vol_4per,Item_5.05,-0.006319449,0.00364571,-1.73339317,0.083074406
lag_retail_vol_4per,Item_5.06,0.009659975,0.008105168,1.191829177,0.233372822
lag_retail_vol_4per,Item_5.07,-0.001885384,0.000452141,-4.169905605,3.09E-05
lag_retail_vol_4per,Item_5.08,0.000176496,0.005874858,0.030042647,0.976033986
lag_retail_vol_4per,Item_7.01,-0.000318884,0.000476549,-0.669151386,0.503423267
lag_retail_vol_4per,Item_8.01,0.000514144,0.000469163,1.095874822,0.273175165
lag_retail_vol_4per,Item_9.01,0.000808332,0.000489334,1.651901043,0.098604223
lag_retail_vol_33per,Item_1.01,0.004756173,0.000707034,6.726940969,1.88E-11
lag_retail_vol_33per,Item_1.02,0.002758483,0.001291822,2.135342195,0.032771297
lag_retail_vol_33per,Item_1.03,0.029373272,0.040004423,0.734250603,0.46282318
lag_retail_vol_33per,Item_1.04,-0.001637713,0.00658998,-0.248515696,0.803743479
lag_retail_vol_33per,Item_1.05,0.008880695,0.008116321,1.094177297,0.273918808
lag_retail_vol_33per,Item_2.01,-0.002960981,0.001290046,-2.29525243,0.021751173
lag_retail_vol_33per,Item_2.02,0.012144416,0.000580538,20.91926081,5.07E-94
lag_retail_vol_33per,Item_2.03,-0.001882347,0.000808423,-2.32841728,0.019921251
lag_retail_vol_33per,Item_2.04,-0.000179387,0.004838747,-0.037073076,0.970427907
lag_retail_vol_33per,Item_2.05,0.016040304,0.002471679,6.489638586,9.26E-11
lag_retail_vol_33per,Item_2.06,0.01147517,0.004661969,2.461442961,0.013864386
lag_retail_vol_33per,Item_3.01,-0.004540787,0.003105471,-1.462189571,0.143738849
lag_retail_vol_33per,Item_3.02,0.004203701,0.001572879,2.672616436,0.007545493
lag_retail_vol_33per,Item_3.03,-0.001631281,0.001805792,-0.903360749,0.366368797
lag_retail_vol_33per,Item_4.01,-0.000968031,0.00249477,-0.388023981,0.698011319
lag_retail_vol_33per,Item_4.02,0.006281736,0.004936701,1.272456179,0.203257763
lag_retail_vol_33per,Item_5.01,0.010712936,0.005580684,1.919645751,0.054947503
lag_retail_vol_33per,Item_5.02,0.003038809,0.000373388,8.138484209,4.78E-16
lag_retail_vol_33per,Item_5.03,0.001724136,0.000850936,2.026163329,0.042789853
lag_retail_vol_33per,Item_5.04,0.006826422,0.003950079,1.728173432,0.084005842
lag_retail_vol_33per,Item_5.05,-0.006137809,0.003065288,-2.002359801,0.045288574
lag_retail_vol_33per,Item_5.06,0.000335461,0.007790318,0.043061224,0.965654086
lag_retail_vol_33per,Item_5.07,0.000165967,0.000435553,0.381048782,0.703179823
lag_retail_vol_33per,Item_5.08,-0.011521669,0.005239081,-2.199177387,0.027901303
lag_retail_vol_33per,Item_7.01,0.005222987,0.000533012,9.799000555,1.64E-22
lag_retail_vol_33per,Item_8.01,0.007357559,0.000505864,14.54452704,3.62E-47
lag_retail_vol_33per,Item_9.01,0.001706027,0.000450413,3.787697977,0.000153457
lag_retail_vol_66per,Item_1.01,0.006541625,0.000697874,9.373642852,9.54E-21
lag_retail_vol_66per,Item_1.02,0.004699105,0.001318809,3.563144114,0.000369135
lag_retail_vol_66per,Item_1.03,0.038877479,0.026993584,1.440248883,0.149846406
lag_retail_vol_66per,Item_1.04,-0.008703673,0.006527106,-1.33346595,0.182426879
lag_retail_vol_66per,Item_1.05,0.007132122,0.009309307,0.766128119,0.443628613
lag_retail_vol_66per,Item_2.01,-0.003043007,0.001219721,-2.494838929,0.012626695
lag_retail_vol_66per,Item_2.02,0.033993952,0.000698573,48.66195778,0
lag_retail_vol_66per,Item_2.03,-0.006131763,0.00078878,-7.77372748,8.84E-15
lag_retail_vol_66per,Item_2.04,0.005240932,0.005110316,1.025559312,0.305138506
lag_retail_vol_66per,Item_2.05,0.027648135,0.002898856,9.537600658,2.03E-21
lag_retail_vol_66per,Item_2.06,0.005308596,0.004904476,1.082398367,0.279116745
lag_retail_vol_66per,Item_3.01,0.014354741,0.002920877,4.914531904,9.12E-07
lag_retail_vol_66per,Item_3.02,0.010791421,0.001567615,6.883973583,6.38E-12
lag_retail_vol_66per,Item_3.03,-0.000105341,0.001749038,-0.060227866,0.951976052
lag_retail_vol_66per,Item_4.01,0.00355734,0.002434185,1.461409235,0.143952758
lag_retail_vol_66per,Item_4.02,0.018339197,0.005241021,3.499164893,0.000469926
lag_retail_vol_66per,Item_5.01,0.003708852,0.005357206,0.692310841,0.488767514
lag_retail_vol_66per,Item_5.02,0.002914285,0.000355741,8.192157396,3.08E-16
lag_retail_vol_66per,Item_5.03,-0.001399857,0.000784164,-1.785159633,0.074283249
lag_retail_vol_66per,Item_5.04,-0.005903598,0.004911348,-1.202032168,0.229395988
lag_retail_vol_66per,Item_5.05,-0.007075074,0.003220195,-2.197094994,0.028049739
lag_retail_vol_66per,Item_5.06,0.024185545,0.009875016,2.449165153,0.014345674
lag_retail_vol_66per,Item_5.07,-0.00102742,0.000382402,-2.686750709,0.007233907
lag_retail_vol_66per,Item_5.08,-0.004665393,0.004979318,-0.93695404,0.348817911
lag_retail_vol_66per,Item_7.01,0.003915258,0.000573805,6.823324192,9.72E-12
lag_retail_vol_66per,Item_8.01,0.00601358,0.000514235,11.69421633,2.85E-31
lag_retail_vol_66per,Item_9.01,0.002524076,0.000455506,5.541259666,3.12E-08
lag_absret_2per,Item_1.01,0.00056181,5.83E-05,9.642749338,7.44E-22
lag_absret_2per,Item_1.02,0.000269541,0.00012503,2.155816303,0.031135449
lag_absret_2per,Item_1.03,0.007486626,0.002523685,2.966545297,0.003022878
lag_absret_2per,Item_1.04,-0.000872729,0.000348355,-2.505282272,0.012260202
lag_absret_2per,Item_1.05,-0.001950351,0.001005698,-1.939300238,0.052509014
lag_absret_2per,Item_2.01,-0.000228278,0.000106939,-2.13466261,0.032826746
lag_absret_2per,Item_2.02,0.002172682,6.32E-05,34.37227483,1.30E-237
lag_absret_2per,Item_2.03,-0.001070037,7.13E-05,-15.01147401,4.43E-50
lag_absret_2per,Item_2.04,-0.000203712,0.00045837,-0.444428097,0.656748244
lag_absret_2per,Item_2.05,0.00083582,0.000226192,3.695184818,0.000221575
lag_absret_2per,Item_2.06,8.85E-05,0.000359149,0.246431626,0.80535609
lag_absret_2per,Item_3.01,0.002833428,0.000227755,12.44070333,4.02E-35
lag_absret_2per,Item_3.02,0.000975396,0.000125543,7.769423949,9.13E-15
lag_absret_2per,Item_3.03,0.000205292,0.00017661,1.162403218,0.245115387
lag_absret_2per,Item_4.01,0.000245378,0.000208389,1.177495628,0.239041858
lag_absret_2per,Item_4.02,0.000454315,0.000401698,1.130985984,0.25810369
lag_absret_2per,Item_5.01,0.001298209,0.000455187,2.852033497,0.004358075
lag_absret_2per,Item_5.02,-5.25E-05,3.50E-05,-1.500563398,0.133518226
lag_absret_2per,Item_5.03,-4.73E-05,8.11E-05,-0.583425084,0.55962789
lag_absret_2per,Item_5.04,-0.000415937,0.000391526,-1.06234879,0.288117759
lag_absret_2per,Item_5.05,-8.52E-06,0.000343419,-0.024819982,0.980199332
lag_absret_2per,Item_5.06,0.002331329,0.000930444,2.50561022,0.012248849
lag_absret_2per,Item_5.07,-0.000185187,4.04E-05,-4.578202255,4.78E-06
lag_absret_2per,Item_5.08,0.000467692,0.000479029,0.976334472,0.328935923
lag_absret_2per,Item_7.01,0.000384316,5.38E-05,7.149518566,9.68E-13
lag_absret_2per,Item_8.01,0.000558803,4.67E-05,11.97680057,1.06E-32
lag_absret_2per,Item_9.01,0.000331022,4.52E-05,7.329448306,2.60E-13
lag_absret_4per,Item_1.01,0.000865068,7.74E-05,11.17510693,9.99E-29
lag_absret_4per,Item_1.02,0.000445784,0.000162151,2.749189095,0.005991181
lag_absret_4per,Item_1.03,0.013242834,0.003183235,4.160181272,3.22E-05
lag_absret_4per,Item_1.04,-0.001872703,0.000501035,-3.737668378,0.000187366
lag_absret_4per,Item_1.05,-0.002258068,0.001061418,-2.127406586,0.03342473
lag_absret_4per,Item_2.01,-0.000241187,0.000135767,-1.776481264,0.07570148
lag_absret_4per,Item_2.02,0.002654219,8.06E-05,32.9458197,6.65E-220
lag_absret_4per,Item_2.03,-0.001549563,9.08E-05,-17.06187049,7.42E-64
lag_absret_4per,Item_2.04,0.000198057,0.000531467,0.372661393,0.709412907
lag_absret_4per,Item_2.05,0.001162972,0.00030002,3.876321519,0.000107116
lag_absret_4per,Item_2.06,0.000542005,0.000469617,1.154141434,0.248485609
lag_absret_4per,Item_3.01,0.003458966,0.000290207,11.9189555,2.09E-32
lag_absret_4per,Item_3.02,0.001337824,0.000163148,8.200062241,2.88E-16
lag_absret_4per,Item_3.03,0.00032401,0.000230564,1.405294253,0.159982701
lag_absret_4per,Item_4.01,0.000677442,0.000258776,2.617865768,0.008869151
lag_absret_4per,Item_4.02,0.000150165,0.000499232,0.300791605,0.763583255
lag_absret_4per,Item_5.01,0.002210121,0.000630771,3.503840752,0.000461759
lag_absret_4per,Item_5.02,-0.000122822,4.37E-05,-2.810944098,0.004954766
lag_absret_4per,Item_5.03,3.44E-05,0.000103202,0.333166267,0.739019776
lag_absret_4per,Item_5.04,-0.000907041,0.000633212,-1.432443562,0.152066127
lag_absret_4per,Item_5.05,-0.000562378,0.000426772,-1.317748251,0.187635459
lag_absret_4per,Item_5.06,0.002349679,0.001236069,1.900927607,0.057356714
lag_absret_4per,Item_5.07,-0.000220471,5.03E-05,-4.381348184,1.20E-05
lag_absret_4per,Item_5.08,0.000417159,0.000566172,0.736805955,0.461267573
lag_absret_4per,Item_7.01,0.000511291,6.83E-05,7.490805661,7.78E-14
lag_absret_4per,Item_8.01,0.000733759,5.95E-05,12.33028095,1.54E-34
lag_absret_4per,Item_9.01,0.000398282,5.69E-05,7.003461315,2.75E-12
lag_absret_33per,Item_1.01,0.002646496,0.00016699,15.84819054,1.66E-55
lag_absret_33per,Item_1.02,0.001047079,0.000345085,3.034261355,0.002421016
lag_absret_33per,Item_1.03,0.025394483,0.005484169,4.63050741,3.72E-06
lag_absret_33per,Item_1.04,-0.001009699,0.001503767,-0.67144679,0.501960382
lag_absret_33per,Item_1.05,-0.003327563,0.002618724,-1.270680889,0.20388877
lag_absret_33per,Item_2.01,-0.00070073,0.000311272,-2.251186084,0.024407824
lag_absret_33per,Item_2.02,0.002769623,0.000136052,20.35703596,2.72E-89
lag_absret_33per,Item_2.03,-0.003584419,0.000198157,-18.08876427,2.36E-71
lag_absret_33per,Item_2.04,0.000956871,0.001389598,0.68859558,0.491102971
lag_absret_33per,Item_2.05,0.002533659,0.000656595,3.858787392,0.000115081
lag_absret_33per,Item_2.06,0.003099745,0.001093419,2.834909681,0.004598354
lag_absret_33per,Item_3.01,0.002903251,0.000570539,5.088614077,3.71E-07
lag_absret_33per,Item_3.02,0.002873701,0.000365503,7.862330009,4.40E-15
lag_absret_33per,Item_3.03,-0.000252651,0.000484224,-0.521765507,0.601851815
lag_absret_33per,Item_4.01,-0.000460188,0.000522454,-0.880818799,0.378449254
lag_absret_33per,Item_4.02,0.000674224,0.00104164,0.647271384,0.517479727
lag_absret_33per,Item_5.01,0.005356792,0.001405546,3.811181262,0.000139613
lag_absret_33per,Item_5.02,-0.000107298,9.14E-05,-1.173881573,0.24048651
lag_absret_33per,Item_5.03,0.000624576,0.000231302,2.700266779,0.006946767
lag_absret_33per,Item_5.04,0.00026529,0.001060076,0.250255105,0.802398173
lag_absret_33per,Item_5.05,0.000606739,0.001061223,0.571735977,0.567521104
lag_absret_33per,Item_5.06,0.005565891,0.002561911,2.172554059,0.029850778
lag_absret_33per,Item_5.07,-0.000198321,0.000113264,-1.750954076,0.080002127
lag_absret_33per,Item_5.08,0.000483042,0.001151836,0.419366554,0.674962456
lag_absret_33per,Item_7.01,0.001381873,0.000118577,11.65383451,4.54E-31
lag_absret_33per,Item_8.01,0.002083798,0.000118462,17.59045959,1.15E-67
lag_absret_33per,Item_9.01,0.00102354,0.000102791,9.957528446,3.46E-23
lag_absret_66per,Item_1.01,0.004168824,0.000227591,18.31719903,4.49E-73
lag_absret_66per,Item_1.02,0.001359739,0.000481075,2.826456996,0.004721326
lag_absret_66per,Item_1.03,0.041574302,0.007648633,5.4355205,5.67E-08
lag_absret_66per,Item_1.04,-6.00E-05,0.002648064,-0.022650806,0.981929529
lag_absret_66per,Item_1.05,-0.002241116,0.003225989,-0.694706758,0.487264525
lag_absret_66per,Item_2.01,-0.000519538,0.000424834,-1.222920869,0.221404997
lag_absret_66per,Item_2.02,0.001970811,0.000177943,11.07552275,2.99E-28
lag_absret_66per,Item_2.03,-0.005147595,0.000272689,-18.8771836,2.24E-77
lag_absret_66per,Item_2.04,4.92E-06,0.001887286,0.002609016,0.997918391
lag_absret_66per,Item_2.05,0.002797726,0.000863601,3.23960338,0.001203128
lag_absret_66per,Item_2.06,0.004650437,0.001435807,3.238901193,0.001206089
lag_absret_66per,Item_3.01,0.003667344,0.000765415,4.791315322,1.69E-06
lag_absret_66per,Item_3.02,0.00387591,0.000498513,7.774942628,8.75E-15
lag_absret_66per,Item_3.03,0.000937055,0.000664499,1.410168138,0.158539052
lag_absret_66per,Item_4.01,-0.001397444,0.000716045,-1.951614389,0.051027934
lag_absret_66per,Item_4.02,-0.000519971,0.001429451,-0.36375555,0.716052676
lag_absret_66per,Item_5.01,0.006978701,0.001898531,3.675842474,0.000239023
lag_absret_66per,Item_5.02,0.000119507,0.000126061,0.94801158,0.343159657
lag_absret_66per,Item_5.03,0.000714778,0.000320639,2.229232059,0.025833338
lag_absret_66per,Item_5.04,-0.000700386,0.001189163,-0.588974372,0.555899429
lag_absret_66per,Item_5.05,0.000810324,0.001453015,0.55768425,0.577079686
lag_absret_66per,Item_5.06,0.010039998,0.003674483,2.732356883,0.006305704
lag_absret_66per,Item_5.07,-0.000200159,0.000159252,-1.256870876,0.208846655
lag_absret_66per,Item_5.08,0.001094401,0.001743442,0.627724583,0.530206965
lag_absret_66per,Item_7.01,0.001522993,0.000157265,9.684269014,4.99E-22
lag_absret_66per,Item_8.01,0.002795665,0.000156539,17.85924359,1.21E-69
lag_absret_66per,Item_9.01,0.001084256,0.000137712,7.873335164,4.03E-15
