"dv","term","estimate","std.error","statistic","p.value"
"log_vol_2per","Item_1.01",0.000140905709867746,1.02584149119378e-05,13.7356220310189,2.49007382534487e-42
"log_vol_2per","Item_1.02",3.09936427727553e-05,1.81707972446481e-05,1.70568425564728,0.0881157717291774
"log_vol_2per","Item_1.03",0.000957790125888941,0.00036609637863172,2.61622398306334,0.00891186607173701
"log_vol_2per","Item_1.04",-0.000102145374094144,8.84375379249789e-05,-1.15500020116789,0.248133791004647
"log_vol_2per","Item_1.05",-2.28109033652159e-05,7.24235920264817e-05,-0.314965092547123,0.752798503712527
"log_vol_2per","Item_2.01",-8.28824364035954e-06,1.6728004034722e-05,-0.495471164590575,0.620284711571797
"log_vol_2per","Item_2.02",0.000152158415206239,1.5328583372735e-05,9.92644992079855,4.6984579711359e-23
"log_vol_2per","Item_2.03",-0.000168528627582807,1.15982668633426e-05,-14.5305009419517,4.39258817769768e-47
"log_vol_2per","Item_2.04",0.000118222838513278,8.06659483019034e-05,1.46558542981251,0.142810759359724
"log_vol_2per","Item_2.05",0.000273727481229445,4.45797493957518e-05,6.14017541461391,8.74095340035615e-10
"log_vol_2per","Item_2.06",-2.73077895969242e-05,6.17762330002126e-05,-0.442043618891917,0.658472691240426
"log_vol_2per","Item_3.01",9.47452891603451e-05,2.42803728167528e-05,3.90213485910617,9.63334560091252e-05
"log_vol_2per","Item_3.02",0.000140057848480427,2.13330043316361e-05,6.56531289747716,5.60316819225787e-11
"log_vol_2per","Item_3.03",-3.34961527583394e-05,2.32744302837503e-05,-1.43918249984945,0.150148096469804
"log_vol_2per","Item_4.01",-4.75893221238634e-05,1.82233936430766e-05,-2.6114412636827,0.00903734994274568
"log_vol_2per","Item_4.02",-5.58842641457984e-06,3.68741072066246e-05,-0.151554216167595,0.879543359234038
"log_vol_2per","Item_5.01",3.46807764641624e-05,5.51662081258648e-05,0.628659783631246,0.529594416666969
"log_vol_2per","Item_5.02",-2.51092123169031e-05,4.61197388254443e-06,-5.44435266902474,5.39414616826147e-08
"log_vol_2per","Item_5.03",-3.93504032486627e-07,1.05816504318688e-05,-0.037187396712852,0.97033675620401
"log_vol_2per","Item_5.04",-6.60504835259558e-06,5.20485316129411e-05,-0.126901723216978,0.89902219944269
"log_vol_2per","Item_5.05",-1.35820877817373e-05,4.02788429918112e-05,-0.337201537405098,0.73597611954372
"log_vol_2per","Item_5.06",9.46416774109374e-05,0.000106018709771517,0.892688447302384,0.372057855602322
"log_vol_2per","Item_5.07",-5.2352157123331e-05,4.61135413643109e-06,-11.3528815125547,1.38159736977257e-29
"log_vol_2per","Item_5.08",-1.78170465166861e-05,5.33149319391281e-05,-0.334184924722938,0.738251051592824
"log_vol_2per","Item_7.01",8.17594701436637e-05,1.00881604412477e-05,8.10449740761178,6.3014069711072e-16
"log_vol_2per","Item_8.01",0.000109660383781358,8.1972414635831e-06,13.3777178906506,2.85209116344904e-40
"log_vol_2per","Item_9.01",-5.23520803093138e-07,6.75772245302408e-06,-0.0774700066083451,0.938252090807436
"log_vol_4per","Item_1.01",0.000324060328647513,2.01679717483283e-05,16.0680673640062,5.6063725644571e-57
"log_vol_4per","Item_1.02",0.000108747542714645,3.64139886143745e-05,2.986422165017,0.00283339987565966
"log_vol_4per","Item_1.03",0.00162503705181299,0.000638310161360616,2.54584236658411,0.0109248592096165
"log_vol_4per","Item_1.04",-0.000256989793904685,0.000157757309412358,-1.62901988416236,0.103358397727544
"log_vol_4per","Item_1.05",-0.000125421256945884,0.000147744508168914,-0.848906389146405,0.395965373763992
"log_vol_4per","Item_2.01",-5.13623009133571e-05,3.17366524569275e-05,-1.61839062840876,0.105628088940365
"log_vol_4per","Item_2.02",0.000376541926211924,3.35271483414195e-05,11.2309559517993,5.38351957844112e-29
"log_vol_4per","Item_2.03",-0.000376211051632707,2.30728737359743e-05,-16.3053400255961,1.38266259183395e-58
"log_vol_4per","Item_2.04",0.000288970209694339,0.000160999308395741,1.79485373306102,0.0727245331103138
"log_vol_4per","Item_2.05",0.000596438103208942,8.68679486698141e-05,6.8660318603356,7.22797128603776e-12
"log_vol_4per","Item_2.06",-1.30359833458263e-05,0.000120856695822036,-0.107863145332237,0.914107658951047
"log_vol_4per","Item_3.01",0.000134240343982592,4.65508386260133e-05,2.88373631807305,0.0039430814959302
"log_vol_4per","Item_3.02",0.000259318167279657,4.08938481171157e-05,6.34125129376422,2.43576306446454e-10
"log_vol_4per","Item_3.03",-6.21980545942834e-05,4.66012690362684e-05,-1.33468585471087,0.182027022702035
"log_vol_4per","Item_4.01",-7.75473430664988e-05,3.55568735665537e-05,-2.18093817841857,0.029224547173609
"log_vol_4per","Item_4.02",7.31304186789131e-05,8.57072335952248e-05,0.853258419520236,0.393548186524727
"log_vol_4per","Item_5.01",8.32525348153568e-05,0.000110532707100864,0.753193665467601,0.451361459653047
"log_vol_4per","Item_5.02",-4.69656498080021e-05,9.1546019816446e-06,-5.1302776354636,2.97895603614214e-07
"log_vol_4per","Item_5.03",2.05122373017851e-05,2.08944233992294e-05,0.981708703315622,0.326280765647131
"log_vol_4per","Item_5.04",3.47002020333908e-05,0.000102086834753571,0.339908687708404,0.733936532689257
"log_vol_4per","Item_5.05",5.43196565081858e-05,8.38178285655733e-05,0.648068047547783,0.516964363350492
"log_vol_4per","Item_5.06",-5.07009280769507e-05,0.000182115361159459,-0.278400063312382,0.780714332817287
"log_vol_4per","Item_5.07",-0.000109372006085238,8.61906152947983e-06,-12.6895492869093,1.8665717288446e-36
"log_vol_4per","Item_5.08",-0.000126669414291968,8.90275294551401e-05,-1.42281174224648,0.154839843996741
"log_vol_4per","Item_7.01",0.000237156286859191,2.06324827843934e-05,11.4943164784113,2.80304602414553e-30
"log_vol_4per","Item_8.01",0.000275524375262019,1.77205528470065e-05,15.548294550447,1.56910943561119e-53
"log_vol_4per","Item_9.01",2.20307740530427e-07,1.34044492655361e-05,0.0164354190288784,0.9868875394411
"log_vol_33per","Item_1.01",0.00367952576518498,0.000127755455584703,28.8013200559207,1.50588468877569e-171
"log_vol_33per","Item_1.02",0.00113415655493905,0.000251644623962202,4.50697708968107,6.69378409347452e-06
"log_vol_33per","Item_1.03",0.0159562755426321,0.00403555383200098,3.9539245929772,7.77156456596994e-05
"log_vol_33per","Item_1.04",0.000369265355342558,0.00082672730161242,0.44665920022522,0.655136383552594
"log_vol_33per","Item_1.05",-0.000391527012984459,0.00209325763445241,-0.187041961075604,0.851633711591909
"log_vol_33per","Item_2.01",-0.000415899127982308,0.000213736630857075,-1.94584861899698,0.0517170079763809
"log_vol_33per","Item_2.02",0.00524714121482081,0.000211869268928969,24.7659381719015,2.44602395498944e-129
"log_vol_33per","Item_2.03",-0.00272161656746162,0.000148657214133671,-18.3080019582121,5.2708659485983e-73
"log_vol_33per","Item_2.04",0.00322652524507067,0.0012085326789781,2.66978733897285,0.00760925991492962
"log_vol_33per","Item_2.05",0.00684714243725655,0.000555935389031214,12.3164356368616,1.82458769512893e-34
"log_vol_33per","Item_2.06",-0.000595932921060125,0.000772629578183395,-0.771304824313458,0.440554986392181
"log_vol_33per","Item_3.01",0.00166484481384919,0.000329611734876616,5.05092700802169,4.51949557974689e-07
"log_vol_33per","Item_3.02",0.00321035641943156,0.000284719514743483,11.2755053770161,3.28212519090763e-29
"log_vol_33per","Item_3.03",-0.000226880143951944,0.000328309279273439,-0.691056142104903,0.489555533359049
"log_vol_33per","Item_4.01",0.000538667588741945,0.000269539860374609,1.99847097936944,0.0457082044441298
"log_vol_33per","Item_4.02",0.00296182368840563,0.00082886740543125,3.57333835182555,0.000355074777175228
"log_vol_33per","Item_5.01",0.00249062682219122,0.000994559387131764,2.50425148504607,0.0122959650932886
"log_vol_33per","Item_5.02",0.000924064463079411,6.51823494523433e-05,14.176605643143,6.16977432905598e-45
"log_vol_33per","Item_5.03",0.000941237482914189,0.000142897699972713,6.58679239129758,4.85490390534127e-11
"log_vol_33per","Item_5.04",0.000563467492183809,0.000543001062313894,1.03769132565358,0.299453315213089
"log_vol_33per","Item_5.05",0.00155543315209853,0.000602623716456501,2.58110178810197,0.00987078754215499
"log_vol_33per","Item_5.06",-0.000240167400782342,0.00168968139952006,-0.142137683974363,0.886975764239374
"log_vol_33per","Item_5.07",-0.000129331496300098,5.51567111216442e-05,-2.34480072633169,0.0190679005957791
"log_vol_33per","Item_5.08",-0.00120933602802863,0.000851603291199897,-1.42006969738773,0.155636507288078
"log_vol_33per","Item_7.01",0.00216132360735292,0.000123591911152082,17.4875814056582,6.47504768038718e-67
"log_vol_33per","Item_8.01",0.00286423503720279,0.000114641750829751,24.9842227327488,1.72316251225497e-131
"log_vol_33per","Item_9.01",-0.000263216064201129,8.49311092732369e-05,-3.0991713925968,0.0019491174403668
"log_vol_66per","Item_1.01",0.00626264011419179,0.000223798756791728,27.9833552427637,1.37873321238932e-162
"log_vol_66per","Item_1.02",0.00194013900360457,0.000461737737107414,4.20182031418679,2.68408014648194e-05
"log_vol_66per","Item_1.03",0.0293448762977024,0.00784588612170193,3.74016087444013,0.00018552318278363
"log_vol_66per","Item_1.04",0.00112984487706489,0.00137587050774722,0.821185475452072,0.411571475941575
"log_vol_66per","Item_1.05",-0.00135153092419604,0.0030383204522965,-0.444828300837882,0.656459011234543
"log_vol_66per","Item_2.01",-0.00067640075857453,0.000391550132086226,-1.72749465048214,0.0841275195489912
"log_vol_66per","Item_2.02",0.00749891350882869,0.000334410137940836,22.4243007553659,3.05455949420429e-107
"log_vol_66per","Item_2.03",-0.00462143965469212,0.000268888114381868,-17.1872217755556,9.50387799017207e-65
"log_vol_66per","Item_2.04",0.0057534084839252,0.00219142322729259,2.62542096491023,0.0086749519559494
"log_vol_66per","Item_2.05",0.0113954631428143,0.000979372212937802,11.6354772907347,5.60322512548974e-31
"log_vol_66per","Item_2.06",-0.00148152451900141,0.00134242209825693,-1.10362047892767,0.269799650289782
"log_vol_66per","Item_3.01",0.00254097053974347,0.000617892923661259,4.1123153259099,3.96657974992407e-05
"log_vol_66per","Item_3.02",0.00580538658418612,0.000517327036797943,11.2218890010452,5.95669048282483e-29
"log_vol_66per","Item_3.03",-9.75654903298097e-05,0.000608727525670164,-0.160277769963494,0.872667370794411
"log_vol_66per","Item_4.01",0.000824592484558941,0.000520310898258286,1.58480725143221,0.113059961173108
"log_vol_66per","Item_4.02",0.00487396593691144,0.0014907837976258,3.26939824854123,0.00108350911891136
"log_vol_66per","Item_5.01",0.00673455721584824,0.00193188537445587,3.48600248487573,0.000493613986793598
"log_vol_66per","Item_5.02",0.00138102721178755,0.000114871641061177,12.0223512002589,6.16824320100122e-33
"log_vol_66per","Item_5.03",0.00181794082211508,0.000260649574534437,6.97465486127198,3.37698369455304e-12
"log_vol_66per","Item_5.04",0.0009681436534556,0.00090311848355167,1.07200070764603,0.283760479412182
"log_vol_66per","Item_5.05",0.0024362882789411,0.00107909494710589,2.25771447218354,0.0239973050290724
"log_vol_66per","Item_5.06",-0.00384658380070673,0.00323550430716097,-1.18886684594834,0.234536552800708
"log_vol_66per","Item_5.07",-0.000148716985912811,9.99631738419201e-05,-1.48771772841055,0.136875035244885
"log_vol_66per","Item_5.08",-0.00206477700441238,0.00148184707755531,-1.39338062320085,0.163553520920149
"log_vol_66per","Item_7.01",0.00340552775727645,0.000210820260324303,16.1537024574287,1.48551826345273e-57
"log_vol_66per","Item_8.01",0.00470446346154608,0.00019691532430387,23.8907940668264,7.26211281268784e-121
"log_vol_66per","Item_9.01",-0.000438546561653066,0.000147977296459352,-2.96360706774726,0.00305185789174495
"abs_ret_2_per","Item_1.01",0.00135930446027222,7.77194317181698e-05,17.4898919127638,6.21234288514116e-67
"abs_ret_2_per","Item_1.02",0.000554973085944843,0.000169572939561297,3.27276915397361,0.0010706866424798
"abs_ret_2_per","Item_1.03",0.00670636137229546,0.00274687296632858,2.44145304661069,0.0146553965425956
"abs_ret_2_per","Item_1.04",0.000608381500852166,0.000761574630100784,0.798846858608795,0.424409083515502
"abs_ret_2_per","Item_1.05",0.00288453105085342,0.00323581067128216,0.891439995687525,0.372726934260365
"abs_ret_2_per","Item_2.01",3.61235485080804e-05,0.000147892115143004,0.244256081354646,0.807040384341689
"abs_ret_2_per","Item_2.02",0.00311936835105362,0.000125513948620926,24.8527624644704,3.38637137097761e-130
"abs_ret_2_per","Item_2.03",-0.000749765769949259,9.73406621351905e-05,-7.702493012714,1.53840972287837e-14
"abs_ret_2_per","Item_2.04",0.000735238609889939,0.000694731396230114,1.05830629489272,0.289956067353655
"abs_ret_2_per","Item_2.05",0.0041384314100089,0.000368685331679227,11.2248333590052,5.76194314120412e-29
"abs_ret_2_per","Item_2.06",-0.000308340879227791,0.000525833625537072,-0.586384864438557,0.557637749669625
"abs_ret_2_per","Item_3.01",0.00175210965327985,0.000278128085921369,6.29965020424148,3.18292583305786e-10
"abs_ret_2_per","Item_3.02",0.000827788834716529,0.000164861746440041,5.02110921782325,5.2774725916658e-07
"abs_ret_2_per","Item_3.03",-0.000475503520388576,0.000212790354623974,-2.23461031036321,0.0254775859933895
"abs_ret_2_per","Item_4.01",0.000106561088541485,0.000227228211514633,0.468960644592418,0.639113861297335
"abs_ret_2_per","Item_4.02",0.00370049970959644,0.000664811602279438,5.5662381596659,2.70936779629444e-08
"abs_ret_2_per","Item_5.01",0.00044619489660222,0.000540798932593187,0.825066156219409,0.409365015616362
"abs_ret_2_per","Item_5.02",0.00056109040042734,4.66574253312566e-05,12.0257471655097,5.92068588020812e-33
"abs_ret_2_per","Item_5.03",0.000547351168885108,0.00010045269168431,5.44884521965079,5.26028895998264e-08
"abs_ret_2_per","Item_5.04",0.000844738316440398,0.000675938592103062,1.2497264193958,0.211445546607386
"abs_ret_2_per","Item_5.05",0.000380791996429145,0.000431452746012147,0.882581000929413,0.37749609581298
"abs_ret_2_per","Item_5.06",0.00192010117080285,0.00102068502409256,1.88118873646639,0.0599919486297735
"abs_ret_2_per","Item_5.07",8.58608232575965e-05,4.78087608132014e-05,1.7959223748357,0.0725543697103731
"abs_ret_2_per","Item_5.08",-0.0011374742240679,0.000604812801037593,-1.88070461160295,0.0600578227745543
"abs_ret_2_per","Item_7.01",0.00110811188430818,7.97098396444071e-05,13.9018205186658,2.64778583955655e-43
"abs_ret_2_per","Item_8.01",0.00115358966515807,6.43091130684136e-05,17.9381989599337,3.13581467323731e-70
"abs_ret_2_per","Item_9.01",-0.000210470810987654,5.4600634103304e-05,-3.85473199064766,0.000116999703383954
"abs_ret_4_per","Item_1.01",0.00184640423682876,0.000100378037662681,18.3945042144934,1.15832388768898e-73
"abs_ret_4_per","Item_1.02",0.000891794635553568,0.000217632867040932,4.09770200466017,4.22465991906358e-05
"abs_ret_4_per","Item_1.03",0.00387521825230434,0.00321784071357601,1.20429151012816,0.228521798660686
"abs_ret_4_per","Item_1.04",-0.000509149642891023,0.000514023412734799,-0.990518389390387,0.321958534582314
"abs_ret_4_per","Item_1.05",0.00216624885140316,0.00255073696985738,0.849263909608164,0.395766463697032
"abs_ret_4_per","Item_2.01",-0.000377158001310686,0.000185831114150594,-2.02957401958557,0.0424414629309202
"abs_ret_4_per","Item_2.02",0.00424967155896715,0.000164541846184316,25.8272996050303,5.95271778665205e-140
"abs_ret_4_per","Item_2.03",-0.00107981498882382,0.000123084629529328,-8.77294746673891,2.20653921029672e-18
"abs_ret_4_per","Item_2.04",0.00186807314152578,0.000844252095638396,2.21269588926895,0.0269540487653859
"abs_ret_4_per","Item_2.05",0.00497975247184929,0.000483593562666225,10.29739197601,1.13077618408023e-24
"abs_ret_4_per","Item_2.06",-0.000225805626087285,0.000692084605103643,-0.326268818034855,0.744231726720971
"abs_ret_4_per","Item_3.01",0.00183784133081838,0.000358361003219306,5.12846351670042,3.00768052788017e-07
"abs_ret_4_per","Item_3.02",0.00120472508069445,0.000202206429752534,5.95789699748336,2.6918557688881e-09
"abs_ret_4_per","Item_3.03",-0.000549307790066406,0.000277088039175756,-1.98243053615888,0.0474740928746392
"abs_ret_4_per","Item_4.01",0.000126027160640498,0.000296890796818787,0.424489953851352,0.671222906819764
"abs_ret_4_per","Item_4.02",0.00428757963449581,0.000779596442692853,5.49974243043724,3.95171882719856e-08
"abs_ret_4_per","Item_5.01",0.000733474981231448,0.000709442388973401,1.03387532607521,0.301233810907939
"abs_ret_4_per","Item_5.02",0.00068550248568809,5.80082399551022e-05,11.8173295073021,6.84150987434019e-32
"abs_ret_4_per","Item_5.03",0.000869920695193509,0.000129044228104136,6.74126001584125,1.70851300878438e-11
"abs_ret_4_per","Item_5.04",0.0010666427781514,0.000830956409642587,1.28363265000891,0.199317343840781
"abs_ret_4_per","Item_5.05",0.000117105764579494,0.00049576542036881,0.236212046601347,0.813275748149234
"abs_ret_4_per","Item_5.06",0.000238947704388363,0.00129303808157447,0.1847955661889,0.85339528520298
"abs_ret_4_per","Item_5.07",6.1521363338185e-05,6.0794326801444e-05,1.01195895365559,0.3115962243941
"abs_ret_4_per","Item_5.08",-0.00207983837280611,0.000698139099274553,-2.97911744947003,0.00290173452512248
"abs_ret_4_per","Item_7.01",0.00159780277360215,0.00010521171537911,15.1865480744686,3.413214148061e-51
"abs_ret_4_per","Item_8.01",0.00144785913538812,8.01463597933957e-05,18.0651889757746,3.53861962153108e-71
"abs_ret_4_per","Item_9.01",-0.000184125904769642,7.02505159646291e-05,-2.6209900701989,0.0087883694034552
"abs_ret_33_per","Item_1.01",0.00363227653884949,0.000211065803248596,17.2092138231002,6.61004433581237e-65
"abs_ret_33_per","Item_1.02",0.002467000816715,0.000449930729108346,5.48306807495456,4.34124492478517e-08
"abs_ret_33_per","Item_1.03",0.0192220666079282,0.00589236617402559,3.26219824773651,0.0011113612886641
"abs_ret_33_per","Item_1.04",0.000503757070812814,0.00196191646602971,0.256767848955494,0.797366313465855
"abs_ret_33_per","Item_1.05",-0.00576651812474076,0.00285293932190372,-2.02125508960802,0.0432952595086235
"abs_ret_33_per","Item_2.01",-0.000413475732215174,0.000417770281781665,-0.989720308615117,0.322348573975197
"abs_ret_33_per","Item_2.02",0.0105952895714172,0.000335068983218054,31.6212186208894,6.34864570048019e-204
"abs_ret_33_per","Item_2.03",-0.00221076965770066,0.000250396085632194,-8.82909032750636,1.34622788873119e-18
"abs_ret_33_per","Item_2.04",0.00559930228001371,0.00210124341131182,2.6647566149978,0.00772389535062426
"abs_ret_33_per","Item_2.05",0.00910861991936819,0.000965602227302722,9.43309746168655,5.46077083511689e-21
"abs_ret_33_per","Item_2.06",0.000444577710253458,0.00138813138229821,0.320270628503052,0.74877372924808
"abs_ret_33_per","Item_3.01",0.00625568683624798,0.000670321579474741,9.33236677409356,1.40152579114216e-20
"abs_ret_33_per","Item_3.02",0.00358896277777302,0.000407072864665162,8.81651195474581,1.50427697641423e-18
"abs_ret_33_per","Item_3.03",0.000111873215771331,0.00060996502754385,0.183409229577984,0.854482793071979
"abs_ret_33_per","Item_4.01",0.00122076546948614,0.000620155786078329,1.96848194742466,0.0490560632214309
"abs_ret_33_per","Item_4.02",0.00781612734948413,0.00169898838550056,4.60045955357212,4.29749262213263e-06
"abs_ret_33_per","Item_5.01",0.00453691292622493,0.0016909057640915,2.68312582674443,0.00731266431367682
"abs_ret_33_per","Item_5.02",0.00202062293621605,0.000119800492270402,16.8665662212414,1.79063145246539e-62
"abs_ret_33_per","Item_5.03",0.00191439060956648,0.000264414921847225,7.24010050640252,5.01345796439267e-13
"abs_ret_33_per","Item_5.04",0.00119502912490372,0.00161461212651011,0.740133871957657,0.459246143705487
"abs_ret_33_per","Item_5.05",0.00242350175978274,0.00122170519047835,1.98370423459839,0.0473318362818381
"abs_ret_33_per","Item_5.06",0.00220279312865541,0.0027902338051193,0.789465429246071,0.429869517899645
"abs_ret_33_per","Item_5.07",-0.000199925200748206,0.000130922759240904,-1.52704695430635,0.126799164743512
"abs_ret_33_per","Item_5.08",-0.00136488595405548,0.00175558192247887,-0.777455005989279,0.436919346800725
"abs_ret_33_per","Item_7.01",0.00351671016344902,0.000217003671859513,16.2057634016705,6.59237089040538e-58
"abs_ret_33_per","Item_8.01",0.00274096812324832,0.000162788992599813,16.8375519712595,2.86398351026328e-62
"abs_ret_33_per","Item_9.01",-0.00071985316948369,0.000143140111839789,-5.02901080788166,5.06553014113004e-07
"abs_ret_66_per","Item_1.01",0.00429599767840268,0.000267171789225677,16.0795332877525,4.70442339838614e-57
"abs_ret_66_per","Item_1.02",0.00282515026198683,0.000619510307732857,4.56029581222898,5.20410467998433e-06
"abs_ret_66_per","Item_1.03",0.020217056051995,0.0073744825283762,2.74148809414112,0.00613329114592076
"abs_ret_66_per","Item_1.04",0.000851606346550829,0.00224329155172935,0.379623569613289,0.704237565111668
"abs_ret_66_per","Item_1.05",-0.00456146250915141,0.00379035273879442,-1.20344010795213,0.228850945801499
"abs_ret_66_per","Item_2.01",0.000862533855178851,0.000564068663372804,1.52912918441772,0.126282262744488
"abs_ret_66_per","Item_2.02",0.011007510942808,0.000398183944240221,27.6442862702854,6.23562535004644e-159
"abs_ret_66_per","Item_2.03",-0.00244526381658698,0.000335908766210266,-7.27954749194112,3.75438372522915e-13
"abs_ret_66_per","Item_2.04",0.00494082849943057,0.00244407488206991,2.02155365029002,0.0432643758709799
"abs_ret_66_per","Item_2.05",0.0117639625833047,0.00124022717259625,9.48532885203476,3.33713567087306e-21
"abs_ret_66_per","Item_2.06",0.00108921038393956,0.00189474071650754,0.57485986048119,0.565406457160399
"abs_ret_66_per","Item_3.01",0.0067584709829662,0.000913514158982478,7.39832099646288,1.55751710182632e-13
"abs_ret_66_per","Item_3.02",0.00515741898004068,0.000596697308595073,8.64327508395144,6.83366456682867e-18
"abs_ret_66_per","Item_3.03",0.000749117951796211,0.000822023040831933,0.911310163566781,0.36216658734431
"abs_ret_66_per","Item_4.01",0.00110638934044628,0.000825984068945142,1.33948024186379,0.18046235025339
"abs_ret_66_per","Item_4.02",0.00996658692749904,0.00212478953498656,4.69062312449787,2.78079051472786e-06
"abs_ret_66_per","Item_5.01",0.00520198538238661,0.00232277265313987,2.23955856177086,0.0251540921058355
"abs_ret_66_per","Item_5.02",0.00212478227528026,0.000157374031294046,13.501479613941,5.61627615688779e-41
"abs_ret_66_per","Item_5.03",0.00234888604681549,0.000361257501011818,6.5019716967445,8.53101772921994e-11
"abs_ret_66_per","Item_5.04",-0.00183602286360194,0.00182393792911167,-1.00662573780466,0.314153041161692
"abs_ret_66_per","Item_5.05",0.00321818280444846,0.00165695670625338,1.94222503961811,0.052154050036254
"abs_ret_66_per","Item_5.06",0.00333901150471913,0.0040406709343592,0.826350761782252,0.408636212661986
"abs_ret_66_per","Item_5.07",3.95775624306748e-05,0.000175732056469621,0.22521538315644,0.821818974562028
"abs_ret_66_per","Item_5.08",-0.00290815607508957,0.00231282746710561,-1.25740294788568,0.208654033594453
"abs_ret_66_per","Item_7.01",0.00388294732219573,0.000275946449564016,14.0713798939274,2.62579108597048e-44
"abs_ret_66_per","Item_8.01",0.00270698649183194,0.000210203097125975,12.8779572177742,1.76006633872413e-37
"abs_ret_66_per","Item_9.01",-0.000757655297919067,0.000186394843570412,-4.06478679026792,4.8657256830128e-05
"log_retail_2per","Item_1.01",8.95911101750542e-06,1.72834554913872e-06,5.18363415346542,2.24333720815108e-07
"log_retail_2per","Item_1.02",-1.92526513656825e-06,2.70643787148023e-06,-0.711364985265767,0.476884249728886
"log_retail_2per","Item_1.03",4.704798478814e-05,7.54425338849548e-05,0.623626784061698,0.532895140869373
"log_retail_2per","Item_1.04",-1.25310474984047e-05,1.30295951789274e-05,-0.961737285489194,0.336218248110634
"log_retail_2per","Item_1.05",-2.07514107359233e-06,1.14070286379563e-05,-0.181917757853909,0.855653081344917
"log_retail_2per","Item_2.01",2.75831839868015e-06,2.50939930213218e-06,1.09919469425869,0.271724870428752
"log_retail_2per","Item_2.02",1.69869685439328e-05,2.23275513037117e-06,7.60807502482769,3.18662203157405e-14
"log_retail_2per","Item_2.03",-1.23524440132967e-05,2.03696806000584e-06,-6.06413240139922,1.403024700071e-09
"log_retail_2per","Item_2.04",-5.73576686623124e-06,1.15548961698563e-05,-0.496392765622105,0.61963452916224
"log_retail_2per","Item_2.05",1.50345087198202e-05,6.41258289279227e-06,2.34453245613698,0.0190816308201037
"log_retail_2per","Item_2.06",5.55671778939769e-06,9.5750579202449e-06,0.580332551059447,0.561710995200672
"log_retail_2per","Item_3.01",-3.11113485435009e-05,5.15592318725037e-06,-6.03409853359209,1.68870670131704e-09
"log_retail_2per","Item_3.02",5.01712038737573e-07,3.72591444293498e-06,0.134654739506676,0.892889132147139
"log_retail_2per","Item_3.03",-8.14371736829655e-06,4.22360596981614e-06,-1.92814325637745,0.0538818943502082
"log_retail_2per","Item_4.01",-1.6236492356555e-05,3.26825806590231e-06,-4.96793460894355,6.94423668447919e-07
"log_retail_2per","Item_4.02",-1.05934729216184e-05,6.85972870244436e-06,-1.54429910877432,0.122565774531067
"log_retail_2per","Item_5.01",7.46712472430397e-06,9.84638988827332e-06,0.758361674586646,0.448262670627584
"log_retail_2per","Item_5.02",-4.13868988128505e-06,1.07573070756945e-06,-3.84732893851861,0.000120584035745962
"log_retail_2per","Item_5.03",4.94843280708635e-07,1.68873999016173e-06,0.293025145132758,0.769512517243649
"log_retail_2per","Item_5.04",1.05695742814003e-05,4.06821885424897e-06,2.59808399205493,0.00939623299572019
"log_retail_2per","Item_5.05",-8.26394828864278e-06,5.28625036844128e-06,-1.56329112559221,0.118034020915644
"log_retail_2per","Item_5.06",-2.03229840601967e-05,1.47157822250542e-05,-1.3810332165419,0.167317399746693
"log_retail_2per","Item_5.07",-3.7857471756461e-06,1.01771016230323e-06,-3.7198677146727,0.000201048902265357
"log_retail_2per","Item_5.08",-2.08859465125371e-05,9.80757684321084e-06,-2.12957255868916,0.0332453139224712
"log_retail_2per","Item_7.01",1.03834978940477e-05,1.63697090888885e-06,6.343116934861,2.40684587683571e-10
"log_retail_2per","Item_8.01",1.13093370844607e-05,1.30147806387128e-06,8.68961021964576,4.57201662152986e-18
"log_retail_2per","Item_9.01",2.32275707285819e-06,1.28695724564321e-06,1.80484400761681,0.0711465017689397
"log_retail_4per","Item_1.01",2.36081456341268e-05,3.52941838862024e-06,6.68896204265428,2.4396905529424e-11
"log_retail_4per","Item_1.02",3.77733194714779e-06,5.96077971310479e-06,0.633697624967303,0.526301024400848
"log_retail_4per","Item_1.03",0.000106816605577853,0.00014582285568659,0.732509352357139,0.463884802423171
"log_retail_4per","Item_1.04",-2.48857113121934e-05,2.68707490383939e-05,-0.926126446145426,0.354415506222057
"log_retail_4per","Item_1.05",-1.24391704724019e-06,2.32854254683434e-05,-0.0534204130790438,0.957398623442379
"log_retail_4per","Item_2.01",-3.38028094071282e-06,4.92140725829478e-06,-0.686852512564476,0.492200783501644
"log_retail_4per","Item_2.02",4.18988934762559e-05,4.8808618793883e-06,8.5843227101331,1.13644534244836e-17
"log_retail_4per","Item_2.03",-2.99609733614025e-05,4.28187225114661e-06,-6.99716656735369,2.88027769411379e-12
"log_retail_4per","Item_2.04",8.22463724770083e-06,2.62830519351357e-05,0.312925503019913,0.754347549186304
"log_retail_4per","Item_2.05",5.42813852137466e-05,1.45094569213279e-05,3.74110385440801,0.000184830689365518
"log_retail_4per","Item_2.06",3.08619493092658e-05,2.27505949925779e-05,1.35653372227558,0.174977691920692
"log_retail_4per","Item_3.01",-7.00515238667389e-05,1.07501082364124e-05,-6.51635521486776,7.75733195931966e-11
"log_retail_4per","Item_3.02",3.82240556141118e-06,7.68045028262908e-06,0.4976798782301,0.618726945037388
"log_retail_4per","Item_3.03",-2.38243063362106e-05,8.62646338284023e-06,-2.76176983300038,0.00576544454295754
"log_retail_4per","Item_4.01",-3.27754224077191e-05,6.85985500755292e-06,-4.77785935295022,1.81158746163336e-06
"log_retail_4per","Item_4.02",-1.74250845345918e-05,1.76307909631602e-05,-0.988332546792814,0.323027509232607
"log_retail_4per","Item_5.01",-4.23517088469705e-06,1.80648969821212e-05,-0.23444201696188,0.814649409396703
"log_retail_4per","Item_5.02",-7.9686284140142e-06,1.57842314786564e-06,-5.04847412101722,4.57774283573226e-07
"log_retail_4per","Item_5.03",2.51884597556548e-06,3.40842491418218e-06,0.739005857246487,0.459930785506681
"log_retail_4per","Item_5.04",2.7680017991831e-05,9.59845052659295e-06,2.88380066294473,0.00394229577315335
"log_retail_4per","Item_5.05",-8.08147094170619e-06,1.16719604631782e-05,-0.692383337589346,0.488721972578847
"log_retail_4per","Item_5.06",-3.57468679540765e-05,2.62221617125305e-05,-1.36323116095324,0.172858054873206
"log_retail_4per","Item_5.07",-7.15997133205233e-06,1.3641993007432e-06,-5.24847896355883,1.5834029090418e-07
"log_retail_4per","Item_5.08",-5.6679722069579e-05,1.66644701027838e-05,-3.40123158552221,0.000674972445231898
"log_retail_4per","Item_7.01",2.97932106051854e-05,3.40785444466921e-06,8.74251265390452,2.88193863778523e-18
"log_retail_4per","Item_8.01",2.91401635041521e-05,2.73391651035336e-06,10.6587613022556,2.64688659135409e-26
"log_retail_4per","Item_9.01",4.34175849328761e-06,2.18449667656776e-06,1.98753266134939,0.0469063307621305
"log_retail_33per","Item_1.01",0.000458116091833139,2.47925223519958e-05,18.4779945069309,2.70496209346897e-74
"log_retail_33per","Item_1.02",7.86745799823725e-05,4.97435498034433e-05,1.58160365099088,0.113789993250593
"log_retail_33per","Item_1.03",0.00162600930762837,0.00110033815871683,1.4777359984721,0.139528159381362
"log_retail_33per","Item_1.04",2.19282070181216e-05,0.000202390245492894,0.108346165422738,0.913724534164258
"log_retail_33per","Item_1.05",-0.000228087704475824,0.000176851839585412,-1.28971066973644,0.197198206983934
"log_retail_33per","Item_2.01",-7.9257011798964e-05,4.0244280359259e-05,-1.96939816270635,0.048950887965642
"log_retail_33per","Item_2.02",0.000640357146550144,3.57460690198856e-05,17.9140578001434,4.78614042796646e-70
"log_retail_33per","Item_2.03",-0.000345329753710937,3.09258311351042e-05,-11.1663855436031,1.10181122697292e-28
"log_retail_33per","Item_2.04",0.000446962420138859,0.000245660743626182,1.81942956591793,0.0688930921255816
"log_retail_33per","Item_2.05",0.00111392617897271,0.000129523411553173,8.60019177703186,9.91620379281065e-18
"log_retail_33per","Item_2.06",-3.90256547284217e-05,0.000179814506619676,-0.217032849362729,0.828189732760055
"log_retail_33per","Item_3.01",0.000284483207692178,9.58097942279892e-05,2.96924975138994,0.00299646328073296
"log_retail_33per","Item_3.02",0.000534674440513877,6.59174517931653e-05,8.11127290222884,5.96574816407411e-16
"log_retail_33per","Item_3.03",-8.59250604640598e-06,6.48635396506105e-05,-0.132470507972426,0.894616355138379
"log_retail_33per","Item_4.01",6.71422194597882e-05,6.17511428463952e-05,1.08730326865048,0.276944164494232
"log_retail_33per","Item_4.02",0.000511721592787383,0.000200438244411361,2.55301374390994,0.0107027589325691
"log_retail_33per","Item_5.01",0.000158956749866249,0.000184511823916036,0.861498989563859,0.388995878745622
"log_retail_33per","Item_5.02",0.00010789013235596,1.16642368795832e-05,9.2496520320852,3.01875392750766e-20
"log_retail_33per","Item_5.03",0.000126497822179217,2.76265900656529e-05,4.57884313187413,4.76489385285798e-06
"log_retail_33per","Item_5.04",7.25964407732785e-05,6.371972365336e-05,1.13930878244558,0.254617457128836
"log_retail_33per","Item_5.05",0.000221756793213244,0.000119368545302378,1.8577489794443,0.0632510269279279
"log_retail_33per","Item_5.06",0.001063612882632,0.000369295024158896,2.88011701499223,0.00398860628873938
"log_retail_33per","Item_5.07",-2.26481222255881e-05,1.01682427847998e-05,-2.2273388534196,0.0259596283440805
"log_retail_33per","Item_5.08",-0.000164980512094793,0.000182165212169289,-0.905664205202219,0.365148051489345
"log_retail_33per","Item_7.01",0.00025690991258324,2.31701355707309e-05,11.0879762355717,2.6104153284629e-28
"log_retail_33per","Item_8.01",0.000337879583907943,1.98030700809992e-05,17.0619799114953,7.47107050020168e-64
"log_retail_33per","Item_9.01",-5.60970775763355e-05,1.518713143061e-05,-3.6937243766305,0.000222854239691471
"log_retail_66per","Item_1.01",0.000844978151885355,4.72109901482214e-05,17.8979121012396,6.33045638306375e-70
"log_retail_66per","Item_1.02",0.000157756687727363,9.70323165326665e-05,1.62581594838306,0.104038594267211
"log_retail_66per","Item_1.03",0.00350973598423814,0.00244457082574227,1.43572685531517,0.151129492310247
"log_retail_66per","Item_1.04",6.3251891305582e-05,0.000381371771094159,0.165853626565259,0.868277439277233
"log_retail_66per","Item_1.05",-0.000132613171672641,0.00036055423213176,-0.367803675160244,0.713031925759782
"log_retail_66per","Item_2.01",-0.000136016535442399,8.15018318546073e-05,-1.66887703438423,0.0951912046679952
"log_retail_66per","Item_2.02",0.000886572144425843,5.89461169105955e-05,15.0403824864413,2.92544888434657e-50
"log_retail_66per","Item_2.03",-0.000613284805579599,5.99963784390575e-05,-10.2220304214288,2.4401745087565e-24
"log_retail_66per","Item_2.04",0.000948355032723124,0.00047220410726831,2.00835828855733,0.0446476311953749
"log_retail_66per","Item_2.05",0.00204446533704263,0.000242913998683051,8.41641629600031,4.75180657180762e-17
"log_retail_66per","Item_2.06",-7.11969280322221e-05,0.000338635995304258,-0.210246190657473,0.833482296975965
"log_retail_66per","Item_3.01",0.000746171072287073,0.000193703980065248,3.85212049868944,0.000118255920433443
"log_retail_66per","Item_3.02",0.00120480131881359,0.000130612943995207,9.22421072491716,3.81770765698393e-20
"log_retail_66per","Item_3.03",-1.92468893140507e-05,0.000134742102090326,-0.142842430208995,0.886419172584085
"log_retail_66per","Item_4.01",4.87286181138967e-05,0.000123352159241742,0.395036604251084,0.692829184555854
"log_retail_66per","Item_4.02",0.00110734711040684,0.000377720973710395,2.93165375364054,0.00338369465295087
"log_retail_66per","Item_5.01",0.000483184295866965,0.000380582629505199,1.26959103860089,0.204277015646684
"log_retail_66per","Item_5.02",0.000195780421847897,2.26428752758842e-05,8.64644703742254,6.65233718361749e-18
"log_retail_66per","Item_5.03",0.000200848823037024,5.43359963544391e-05,3.6964229334614,0.000220506666292935
"log_retail_66per","Item_5.04",6.69837458846211e-08,0.000102355376171871,0.000654423327721883,0.999477866389656
"log_retail_66per","Item_5.05",0.000441044508208605,0.000247792413666448,1.77989512141519,0.0751410860572729
"log_retail_66per","Item_5.06",0.00228950152030048,0.000793141290494858,2.88662505374296,0.00390715728245303
"log_retail_66per","Item_5.07",-1.74665853943358e-05,1.96488502171943e-05,-0.888936767356041,0.374070842792819
"log_retail_66per","Item_5.08",-5.27144255069936e-05,0.000314025269966511,-0.167866826490159,0.866693411053746
"log_retail_66per","Item_7.01",0.000376256134853812,4.23870691384852e-05,8.87667259145765,8.83986743603723e-19
"log_retail_66per","Item_8.01",0.000574420652178618,3.69440803614171e-05,15.5483814066873,1.57912409754247e-53
"log_retail_66per","Item_9.01",-8.84740395491151e-05,2.88292382222209e-05,-3.0688996659274,0.00215757870078606
"log_retail_vol_2per","Item_1.01",-0.0056100387863326,0.00155755566438802,-3.60182233906667,0.000318412011803626
"log_retail_vol_2per","Item_1.02",-0.00153403850563104,0.00314910189827394,-0.487135238930144,0.626179328690042
"log_retail_vol_2per","Item_1.03",-0.00802819148289631,0.0290393294022736,-0.276459258810148,0.78220435477277
"log_retail_vol_2per","Item_1.04",-0.0103553178400486,0.0191802012320144,-0.539896204152652,0.589287568843996
"log_retail_vol_2per","Item_1.05",-0.0338005873576264,0.0105562901924222,-3.20193806171508,0.00137180222955839
"log_retail_vol_2per","Item_2.01",0.000659096748247288,0.00320383479099048,0.205721203259524,0.837015296872622
"log_retail_vol_2per","Item_2.02",-0.00264313605849549,0.00182124384507191,-1.45128070886692,0.146751163979514
"log_retail_vol_2per","Item_2.03",0.00571621504449969,0.00199372803129277,2.8670986989099,0.00415618761271539
"log_retail_vol_2per","Item_2.04",-0.00694964170261207,0.0144974377557201,-0.479370342519321,0.631691714553396
"log_retail_vol_2per","Item_2.05",0.0151817900160931,0.00649930544433487,2.33590960543735,0.0195269480107694
"log_retail_vol_2per","Item_2.06",-0.00313423748056021,0.00711497497702676,-0.440512790372449,0.659580761999308
"log_retail_vol_2per","Item_3.01",-0.0306011601493658,0.00533206374754505,-5.73908370158832,9.95883307740233e-09
"log_retail_vol_2per","Item_3.02",-0.00833385577523792,0.00273886394480481,-3.04281481051511,0.00235335765718191
"log_retail_vol_2per","Item_3.03",0.00129344590051333,0.004382825272062,0.295116921214793,0.767914222678307
"log_retail_vol_2per","Item_4.01",-0.00872858659279681,0.00567424844748193,-1.53828065048338,0.124029888611713
"log_retail_vol_2per","Item_4.02",-0.00611010998478317,0.0103018675710852,-0.593107020899077,0.55313067791078
"log_retail_vol_2per","Item_5.01",-0.0028364246067543,0.00916398074767628,-0.309518830828353,0.756937057017427
"log_retail_vol_2per","Item_5.02",0.000388684228077441,0.00088252411219695,0.440423352411134,0.659645522416973
"log_retail_vol_2per","Item_5.03",0.00142477721554459,0.00216801723668042,0.657179837613354,0.511089132519794
"log_retail_vol_2per","Item_5.04",0.0106198357011886,0.0109435709225844,0.970417770973853,0.33187529588812
"log_retail_vol_2per","Item_5.05",-0.0161841907732342,0.00788716508537637,-2.05196551587863,0.040213974756361
"log_retail_vol_2per","Item_5.06",-0.0257254148512816,0.0152696950248718,-1.68473665056042,0.0920885868545562
"log_retail_vol_2per","Item_5.07",0.00217093882086996,0.00106019155591651,2.04768544774273,0.0406319273713152
"log_retail_vol_2per","Item_5.08",-0.0317614183875796,0.0121162440033238,-2.62139144596844,0.00877806892711152
"log_retail_vol_2per","Item_7.01",0.00155297733001463,0.00149469309194805,1.03899411750851,0.298847075200049
"log_retail_vol_2per","Item_8.01",0.000310746034222572,0.00117435548414226,0.264609854868212,0.791318625033831
"log_retail_vol_2per","Item_9.01",0.00032457060114425,0.0010787348289643,0.300880802611955,0.763515251353741
"log_retail_vol_4per","Item_1.01",-0.00176810901825065,0.00209719522845999,-0.84308270124618,0.399213982793118
"log_retail_vol_4per","Item_1.02",0.0032944567502079,0.00516348392379202,0.638029826146622,0.523477297043626
"log_retail_vol_4per","Item_1.03",-0.0172564518737936,0.0304811386406845,-0.566135408431253,0.57132176258892
"log_retail_vol_4per","Item_1.04",-0.0169707221374187,0.0224563329704577,-0.755720987916614,0.449844560220057
"log_retail_vol_4per","Item_1.05",-0.00815409647389903,0.0160129054244386,-0.509220298113694,0.610615530321787
"log_retail_vol_4per","Item_2.01",0.00465160740591245,0.00453064099461105,1.02669962405878,0.304601076934187
"log_retail_vol_4per","Item_2.02",0.00517499334111602,0.00297987973220249,1.73664503476154,0.08249839434587
"log_retail_vol_4per","Item_2.03",0.00271668759316648,0.00254099609474756,1.06914276601294,0.285046027874311
"log_retail_vol_4per","Item_2.04",-0.0119723001871125,0.0115511249031621,-1.03646184137747,0.300026243018504
"log_retail_vol_4per","Item_2.05",0.0111588901884427,0.0057807545787923,1.93035183146868,0.0536077850152408
"log_retail_vol_4per","Item_2.06",0.00389351526429695,0.00776454430406269,0.501448006711704,0.616073263433118
"log_retail_vol_4per","Item_3.01",-0.0313772863508293,0.00641013479645619,-4.89494953650212,1.0076241618533e-06
"log_retail_vol_4per","Item_3.02",-0.00432362627959701,0.00373029407450881,-1.15905775610099,0.246476275302359
"log_retail_vol_4per","Item_3.03",0.0017861606055921,0.00769190718537449,0.232212969104507,0.816380096550559
"log_retail_vol_4per","Item_4.01",0.00380627089016687,0.00654999314812392,0.581110667460329,0.561186516692337
"log_retail_vol_4per","Item_4.02",-0.0103900117891723,0.00950709761390798,-1.09286895024331,0.274492846896032
"log_retail_vol_4per","Item_5.01",-0.00725666451458615,0.00927010719150523,-0.782802654238548,0.43377223237942
"log_retail_vol_4per","Item_5.02",0.00166797791096751,0.00110025202760775,1.5159962164252,0.129570139693255
"log_retail_vol_4per","Item_5.03",0.00143652060134645,0.00258529871518629,0.55564975641236,0.578469907001329
"log_retail_vol_4per","Item_5.04",0.0139947573862859,0.0194841885373104,0.718262264783942,0.472622047079965
"log_retail_vol_4per","Item_5.05",-0.0221389232972019,0.00755316970602741,-2.93107717142051,0.00338994798469759
"log_retail_vol_4per","Item_5.06",-0.0162729616413656,0.0143513775258007,-1.1338954474656,0.256881259143191
"log_retail_vol_4per","Item_5.07",0.00402601477299425,0.00134577852660456,2.99158791242717,0.00278598081994702
"log_retail_vol_4per","Item_5.08",-0.0229299437873027,0.0125265100884384,-1.83051333734735,0.0672201088055711
"log_retail_vol_4per","Item_7.01",-6.87472389407325e-05,0.00224231239436601,-0.0306590817200429,0.975542388449944
"log_retail_vol_4per","Item_8.01",6.63712871305261e-05,0.00162806659394948,0.0407669363017381,0.967482981498756
"log_retail_vol_4per","Item_9.01",-0.00247366024436297,0.00144052065173043,-1.71719873740891,0.0859916807024
"log_retail_vol_33per","Item_1.01",-0.00154524686369377,0.000718364835548889,-2.15106139279922,0.0315090512525203
"log_retail_vol_33per","Item_1.02",-0.00255863228758595,0.00133949651111786,-1.91014479421874,0.0561596734970751
"log_retail_vol_33per","Item_1.03",0.0166215901534967,0.0470961118000886,0.352929138270506,0.724153305766043
"log_retail_vol_33per","Item_1.04",0.00245028631174925,0.00504789719098822,0.485407332804564,0.627404215311979
"log_retail_vol_33per","Item_1.05",0.0165193750418334,0.00878098052107851,1.88126770150316,0.059981325064031
"log_retail_vol_33per","Item_2.01",0.000299266800181831,0.00165795871445252,0.180503167885368,0.856763340480469
"log_retail_vol_33per","Item_2.02",0.00224812571751876,0.000878794924804343,2.5581915121088,0.010544865690178
"log_retail_vol_33per","Item_2.03",0.00535157750901422,0.000889370140399349,6.01726690150766,1.87293901562562e-09
"log_retail_vol_33per","Item_2.04",-0.00340116193783626,0.00631428228782212,-0.538645848063496,0.590150168640049
"log_retail_vol_33per","Item_2.05",0.00879032012370524,0.00208840286194541,4.20911131845356,2.59921629769172e-05
"log_retail_vol_33per","Item_2.06",-3.46066216518936e-05,0.00315284019947945,-0.0109763322789425,0.991242675367517
"log_retail_vol_33per","Item_3.01",-0.00797268805186338,0.00329926507063276,-2.41650424599994,0.0156984225490646
"log_retail_vol_33per","Item_3.02",-0.00272117083266874,0.00159286080207855,-1.70835444573552,0.0876195745323284
"log_retail_vol_33per","Item_3.03",0.0027822479667863,0.00207331257851211,1.34193367445971,0.179665588405986
"log_retail_vol_33per","Item_4.01",-0.000908970158192231,0.00263181529623485,-0.345377640859763,0.729821949571451
"log_retail_vol_33per","Item_4.02",-0.00558518490185148,0.0048766999149159,-1.14527959466372,0.252136613150969
"log_retail_vol_33per","Item_5.01",0.0101115614238748,0.00558950809595405,1.80902527562203,0.0704944546417675
"log_retail_vol_33per","Item_5.02",0.00375337017289221,0.000415485616039777,9.03369461659744,2.16744728414101e-19
"log_retail_vol_33per","Item_5.03",0.0025029148073442,0.000923982343502214,2.70883402150011,0.00677015689436414
"log_retail_vol_33per","Item_5.04",-0.00181032444099351,0.00589006870089748,-0.307352007747833,0.75858555498303
"log_retail_vol_33per","Item_5.05",-0.00283134949203214,0.0032913385002259,-0.860242570564471,0.389687891234101
"log_retail_vol_33per","Item_5.06",0.0271397197754462,0.0078775849310835,3.4451827575172,0.000574374494214554
"log_retail_vol_33per","Item_5.07",0.00238671294432735,0.000457676854087335,5.21484301207837,1.8980495660997e-07
"log_retail_vol_33per","Item_5.08",-0.00505777534187792,0.00720217177290222,-0.702256972113262,0.482544718461846
"log_retail_vol_33per","Item_7.01",0.000331337612356885,0.00070118423438669,0.472540020308212,0.636557658711452
"log_retail_vol_33per","Item_8.01",0.00126865147315789,0.000564844210080747,2.24602014239736,0.0247370347060368
"log_retail_vol_33per","Item_9.01",-0.00080527604554413,0.000508279376585367,-1.58431776428545,0.113171331972744
"log_retail_vol_66per","Item_1.01",-0.00178482394495677,0.000676940304361563,-2.63660463626859,0.00839448573893261
"log_retail_vol_66per","Item_1.02",-0.00227004365413669,0.00137528942792598,-1.65059340095419,0.0988712367664391
"log_retail_vol_66per","Item_1.03",0.00716406050775794,0.0445119806263026,0.160946792458042,0.872140443707135
"log_retail_vol_66per","Item_1.04",-0.000403631427284545,0.00545130883847815,-0.0740430306269765,0.940978485289595
"log_retail_vol_66per","Item_1.05",0.0252509932664945,0.0109321244588195,2.3097974562596,0.020931388200764
"log_retail_vol_66per","Item_2.01",-0.000322739283213761,0.00153340889341881,-0.210471769531869,0.833306257167134
"log_retail_vol_66per","Item_2.02",-0.00130760410677049,0.000749999390735006,-1.7434735586772,0.0812994779633683
"log_retail_vol_66per","Item_2.03",0.00257452080200703,0.0008297921343486,3.10260931073789,0.00192667606303731
"log_retail_vol_66per","Item_2.04",0.00278983416396917,0.00674228768866673,0.413781537186357,0.679048124791106
"log_retail_vol_66per","Item_2.05",0.00744280610831888,0.00207455028158206,3.58767207254334,0.000336164043881662
"log_retail_vol_66per","Item_2.06",-0.000910675798186991,0.00359330456786364,-0.253436852064122,0.799938883614427
"log_retail_vol_66per","Item_3.01",0.00256235897086838,0.00318265283794268,0.805101624758021,0.420791277276334
"log_retail_vol_66per","Item_3.02",0.0027556199482975,0.00150137449950806,1.83539812964747,0.0664936091852576
"log_retail_vol_66per","Item_3.03",0.00118084552148223,0.00186645021025387,0.632669178633816,0.526972553671237
"log_retail_vol_66per","Item_4.01",0.00222775019039056,0.00248634849322655,0.895992736520854,0.370290713716469
"log_retail_vol_66per","Item_4.02",0.00240885034292776,0.00474541923839117,0.507615917986718,0.611740410606389
"log_retail_vol_66per","Item_5.01",0.00628426824625379,0.00496761739506135,1.26504675108462,0.205901137140032
"log_retail_vol_66per","Item_5.02",0.0017505696378304,0.000368978442697285,4.74436832957906,2.13748151764321e-06
"log_retail_vol_66per","Item_5.03",0.0010803184515228,0.000839483196576083,1.28688514067821,0.198181382449113
"log_retail_vol_66per","Item_5.04",-0.00191250291546488,0.00693810203913987,-0.275652174712319,0.782824229666727
"log_retail_vol_66per","Item_5.05",0.00108868993812554,0.00343310796131309,0.317114972903195,0.751166822357407
"log_retail_vol_66per","Item_5.06",0.0410736294588643,0.00880147942482437,4.66667334846197,3.12417064993503e-06
"log_retail_vol_66per","Item_5.07",0.000292872658380354,0.000412888215704077,0.709326755380833,0.478147853635636
"log_retail_vol_66per","Item_5.08",-0.000340173735809859,0.00676122663637792,-0.0503124291056297,0.959875006738628
"log_retail_vol_66per","Item_7.01",-0.000870233901902988,0.000611794067488238,-1.42242945485855,0.154950891391978
"log_retail_vol_66per","Item_8.01",-0.000610108953565698,0.000503284931475539,-1.21225356733207,0.225460575894461
"log_retail_vol_66per","Item_9.01",-0.000833562180197419,0.000450580677365511,-1.84997320584441,0.0643639858635432
"lag_vol_2per","Item_1.01",0.000175548389088098,1.16787008334788e-05,15.0314997867624,3.30766813783395e-50
"lag_vol_2per","Item_1.02",3.9009674796856e-05,2.15376855281084e-05,1.81122872956545,0.0701526685681686
"lag_vol_2per","Item_1.03",0.000424684950949726,0.000343897588284155,1.23491692125162,0.216907102411471
"lag_vol_2per","Item_1.04",0.000233848134829294,0.000129771197687952,1.80200336434905,0.0715922690015416
"lag_vol_2per","Item_1.05",0.000106560523784976,0.000111463965079689,0.956008730792883,0.339104205292098
"lag_vol_2per","Item_2.01",4.97122329889163e-06,2.14946882502972e-05,0.231276827139974,0.817107197140451
"lag_vol_2per","Item_2.02",0.000214341375413483,1.69539166661375e-05,12.6425875291456,3.34625813640546e-36
"lag_vol_2per","Item_2.03",-0.000104055021455017,1.37591231422001e-05,-7.562620116094,4.5096198981589e-14
"lag_vol_2per","Item_2.04",5.322620703952e-05,8.9491128577974e-05,0.594765178239358,0.552021631822897
"lag_vol_2per","Item_2.05",0.000285633992928556,4.44368905560033e-05,6.42785733553015,1.38813661423654e-10
"lag_vol_2per","Item_2.06",7.90312241318532e-05,6.79056495322572e-05,1.16383871851945,0.244533091550913
"lag_vol_2per","Item_3.01",-7.39165329679631e-05,2.79189905358913e-05,-2.64753601577892,0.00812809683694184
"lag_vol_2per","Item_3.02",0.000113960188656207,2.2958374299144e-05,4.96377431482401,7.09387967108209e-07
"lag_vol_2per","Item_3.03",-9.69578176883456e-05,2.7807456488433e-05,-3.48675606949801,0.000492224818437969
"lag_vol_2per","Item_4.01",-7.56923417332486e-05,2.75802313910864e-05,-2.74444186707264,0.00607841870125323
"lag_vol_2per","Item_4.02",-2.60526497793373e-05,5.09936180368161e-05,-0.510900202463137,0.609438695074192
"lag_vol_2per","Item_5.01",0.000188241516712834,7.82011923827359e-05,2.40714381682997,0.0161061852681812
"lag_vol_2per","Item_5.02",4.36342555544943e-05,6.74918927791893e-06,6.46511066110575,1.08749669790106e-10
"lag_vol_2per","Item_5.03",5.22444751473578e-05,1.394503449969e-05,3.74645721733561,0.000180938672807931
"lag_vol_2per","Item_5.04",0.000154951247081548,0.000100039025212693,1.54890800617165,0.121453654279522
"lag_vol_2per","Item_5.05",0.000112257106852616,6.66241789962201e-05,1.68493043432452,0.0920511170351168
"lag_vol_2per","Item_5.06",-0.000169003459880852,0.000125429453757437,-1.34739851620243,0.177899977156272
"lag_vol_2per","Item_5.07",2.12889193990551e-05,6.81872144381515e-06,3.12212774410443,0.0018035550218441
"lag_vol_2per","Item_5.08",-0.000153269829282935,7.12781383272386e-05,-2.15030629138028,0.0315686232560938
"lag_vol_2per","Item_7.01",4.28690772413992e-05,9.71192598135256e-06,4.41406548234719,1.03126181909511e-05
"lag_vol_2per","Item_8.01",0.000141133076587594,9.42683420862078e-06,14.971418130864,7.92917684609351e-50
"lag_vol_2per","Item_9.01",-8.74623143420493e-06,7.79883559425395e-06,-1.1214791398666,0.262126359795822
"lag_vol_4per","Item_1.01",0.00049115415539264,2.42431653015707e-05,20.2594896038933,1.74447844913214e-88
"lag_vol_4per","Item_1.02",5.29189032129431e-05,4.27155036585955e-05,1.2388687638076,0.215439879678752
"lag_vol_4per","Item_1.03",0.00233792687880363,0.000808544316931157,2.89152595577848,0.00384676796421848
"lag_vol_4per","Item_1.04",0.000608122550701569,0.000214263131555025,2.83820434382757,0.00455120238572018
"lag_vol_4per","Item_1.05",7.0509009064704e-05,0.00020934436775302,0.336808722496365,0.736272224257279
"lag_vol_4per","Item_2.01",4.26674311627896e-05,4.15805625884823e-05,1.02613886168554,0.304865208958776
"lag_vol_4per","Item_2.02",0.000409670940222975,3.57542327498826e-05,11.4579703916125,4.23085153440577e-30
"lag_vol_4per","Item_2.03",-0.000290183897430514,2.9092078859269e-05,-9.97467038482397,2.91567088709065e-23
"lag_vol_4per","Item_2.04",8.61642483458828e-05,0.000188477947609301,0.457158248160118,0.647572939721819
"lag_vol_4per","Item_2.05",0.000551487426609801,8.35146763408078e-05,6.60347918202165,4.34148953565748e-11
"lag_vol_4per","Item_2.06",0.000186765139120398,0.000126594392281014,1.47530341396021,0.140180552597494
"lag_vol_4per","Item_3.01",-0.000143805955748199,5.64527376988707e-05,-2.54736903133532,0.0108772248562361
"lag_vol_4per","Item_3.02",0.00033101129413286,4.79868919564459e-05,6.89795234984782,5.7862336473236e-12
"lag_vol_4per","Item_3.03",-0.000110767511037506,6.07385646751301e-05,-1.82367679628196,0.0682479170973949
"lag_vol_4per","Item_4.01",-0.000154588489930654,5.38803261198036e-05,-2.86910828243549,0.00412988694017101
"lag_vol_4per","Item_4.02",-0.000187426454204986,0.000101967532630274,-1.83809933780176,0.0660944378631546
"lag_vol_4per","Item_5.01",0.000662272132121945,0.000176221707583648,3.75817565953151,0.000172691194943042
"lag_vol_4per","Item_5.02",0.000137135194801311,1.34288523890747e-05,10.2119816964315,2.69807318079683e-24
"lag_vol_4per","Item_5.03",0.000161533569253364,2.85585937862878e-05,5.65621579487305,1.61486360246786e-08
"lag_vol_4per","Item_5.04",0.000181778100311423,0.000191210587253706,0.950669640851177,0.341808273998405
"lag_vol_4per","Item_5.05",0.000382803580677624,0.000131353673400149,2.9142967285846,0.00357735513259011
"lag_vol_4per","Item_5.06",-0.000723179485909945,0.000268714373760973,-2.69125717313965,0.00713697160829047
"lag_vol_4per","Item_5.07",7.11236267931861e-05,1.27349679437464e-05,5.58490819194497,2.43508349638661e-08
"lag_vol_4per","Item_5.08",-0.000116794023105389,0.000156779742512962,-0.744956084461824,0.456325829762988
"lag_vol_4per","Item_7.01",7.16966726818024e-05,2.06928569667097e-05,3.46480298960877,0.000534126212337646
"lag_vol_4per","Item_8.01",0.000325045676870564,1.98691719875807e-05,16.3592965561793,5.91640969683138e-59
"lag_vol_4per","Item_9.01",-1.59842995787248e-06,1.66560868950992e-05,-0.0959667158282416,0.923550034793459
"lag_vol_33per","Item_1.01",0.00272460906189153,0.00012809748557965,21.2698090798776,4.9305653035133e-97
"lag_vol_33per","Item_1.02",0.000239763298883389,0.000221016383228156,1.08482138464767,0.278041975452906
"lag_vol_33per","Item_1.03",0.0147120721793019,0.00463012221549686,3.1774695125889,0.0014927880276345
"lag_vol_33per","Item_1.04",0.00134846515227692,0.000983048260656824,1.37171816099439,0.170199677648834
"lag_vol_33per","Item_1.05",-0.00174899244363544,0.00108800167699343,-1.60752734174876,0.107988476648554
"lag_vol_33per","Item_2.01",-0.000155039890798095,0.000211029314762598,-0.734684140791105,0.462559023249894
"lag_vol_33per","Item_2.02",0.00273645770279439,0.000169244076600217,16.1687059173028,1.17537245945112e-57
"lag_vol_33per","Item_2.03",-0.00290348281736082,0.000144133809474355,-20.1443563307568,1.56739552843146e-87
"lag_vol_33per","Item_2.04",0.00100993691294459,0.00101433177844352,0.995667230789436,0.319449813557923
"lag_vol_33per","Item_2.05",0.00164205095964922,0.000383824954719614,4.27812454468664,1.91242943956102e-05
"lag_vol_33per","Item_2.06",0.000276156100887258,0.000592517389291229,0.466072567452573,0.641179552371175
"lag_vol_33per","Item_3.01",0.000420820974177586,0.000318506398083462,1.3212324044659,0.186471511856015
"lag_vol_33per","Item_3.02",0.00201706343356568,0.000259463891680534,7.77396585128385,8.8169598679881e-15
"lag_vol_33per","Item_3.03",-0.000127308873435703,0.000316585766574921,-0.402130755318008,0.687601340485689
"lag_vol_33per","Item_4.01",-0.000596197863921228,0.000257914518627922,-2.31161032381169,0.0208310330171086
"lag_vol_33per","Item_4.02",-0.000884718453181562,0.000522564426527022,-1.69303230045992,0.0904983934260327
"lag_vol_33per","Item_5.01",0.00459670685889316,0.0010318047955832,4.45501598613426,8.53266225752855e-06
"lag_vol_33per","Item_5.02",-0.000259716102716349,5.87300152627306e-05,-4.42220390297024,9.93288785131879e-06
"lag_vol_33per","Item_5.03",3.23677379966423e-05,0.000137599979976379,0.235230688276252,0.814037277123061
"lag_vol_33per","Item_5.04",0.000283972475770567,0.000608017896635537,0.467046245417984,0.640482823929635
"lag_vol_33per","Item_5.05",0.00104228910617248,0.000567342740826148,1.8371418741601,0.0662356800046677
"lag_vol_33per","Item_5.06",-0.00152438417299367,0.00169142539579537,-0.901242334886928,0.367493682511965
"lag_vol_33per","Item_5.07",-0.000196277967832704,5.30186974808078e-05,-3.70205186394393,0.000215675931262176
"lag_vol_33per","Item_5.08",-0.000429447693555391,0.000850465862187221,-0.504955827916409,0.613607392851349
"lag_vol_33per","Item_7.01",0.000684760244207326,0.000108055080080811,6.33714068505818,2.5013279400417e-10
"lag_vol_33per","Item_8.01",0.00222704725467015,0.000110951639268351,20.0722338971825,6.14827426621659e-87
"lag_vol_33per","Item_9.01",0.000709785885582013,8.37198377952926e-05,8.47810870486329,2.81684794923089e-17
"lag_vol_66per","Item_1.01",0.00540528079546686,0.000243693910106302,22.1806149899643,4.76509806212582e-105
"lag_vol_66per","Item_1.02",0.000292721705218427,0.00041483777391483,0.705629341455596,0.48044457305661
"lag_vol_66per","Item_1.03",0.0268366741105451,0.00845130918145819,3.17544578411871,0.00150322386560081
"lag_vol_66per","Item_1.04",0.00301892984803678,0.00214549273202128,1.4071032742174,0.159445740594739
"lag_vol_66per","Item_1.05",-0.00206470059290747,0.00242304705316424,-0.8521091615663,0.394185663034427
"lag_vol_66per","Item_2.01",-0.000199909676933597,0.000409066574940477,-0.488697168578699,0.625072995909961
"lag_vol_66per","Item_2.02",0.00320168964226457,0.000307339472329456,10.4174371680852,3.29375102010692e-25
"lag_vol_66per","Item_2.03",-0.00569225836248966,0.000274961574159678,-20.7020140173623,3.4944339702333e-92
"lag_vol_66per","Item_2.04",0.00133421572713484,0.00201349337197277,0.662637258064378,0.507586966925009
"lag_vol_66per","Item_2.05",0.00236583372912263,0.000713446424668573,3.31606361363666,0.000918078718329128
"lag_vol_66per","Item_2.06",-0.000273289296488601,0.000946001016475808,-0.288889009344516,0.772675750658036
"lag_vol_66per","Item_3.01",0.000897181075677929,0.000626103097639218,1.43296060834204,0.151918354899275
"lag_vol_66per","Item_3.02",0.00428984962448919,0.000503998973021901,8.51162374154833,2.11773641074695e-17
"lag_vol_66per","Item_3.03",-0.000354333257155965,0.000628106198814222,-0.56412953386688,0.572685915769634
"lag_vol_66per","Item_4.01",-0.00124198191231657,0.000505381262704956,-2.45751475958784,0.0140167599851592
"lag_vol_66per","Item_4.02",-0.00154874739324557,0.000970800808654206,-1.59532973133031,0.11068831594173
"lag_vol_66per","Item_5.01",0.00809702820721733,0.00228654148417462,3.54116829423725,0.000401217923746169
"lag_vol_66per","Item_5.02",-0.000524443521533105,0.000110577350603148,-4.74277524893218,2.15418775882248e-06
"lag_vol_66per","Item_5.03",-0.000502135443122933,0.000254582166334438,-1.97239048733402,0.0486083945825436
"lag_vol_66per","Item_5.04",-0.000255440720755312,0.000985323308960165,-0.25924558815612,0.795454167686949
"lag_vol_66per","Item_5.05",0.0015906090644351,0.00107044203284415,1.48593666506992,0.137345549395646
"lag_vol_66per","Item_5.06",6.44539140526954e-05,0.00854025783192451,0.00754706887323225,0.993978604656307
"lag_vol_66per","Item_5.07",-0.000384922017750582,9.77048467911404e-05,-3.93964097373198,8.24790349400543e-05
"lag_vol_66per","Item_5.08",-0.000249415926630608,0.00160776199612569,-0.155132368616523,0.876721898344834
"lag_vol_66per","Item_7.01",0.00103709914576687,0.000205183001063022,5.05450812393723,4.43587065079663e-07
"lag_vol_66per","Item_8.01",0.00420605159234374,0.000209048053208924,20.1200227784,2.48921919300602e-87
"lag_vol_66per","Item_9.01",0.00144134677637364,0.000157335970847455,9.16094881933324,6.81728158210399e-20
"lag_retail_2per","Item_1.01",1.21672320182496e-05,1.99477105901155e-06,6.09956313697405,1.12623776023964e-09
"lag_retail_2per","Item_1.02",9.16403181978266e-07,3.4682266658581e-06,0.264228169110029,0.791612690627467
"lag_retail_2per","Item_1.03",2.49325396967445e-05,5.02598744006369e-05,0.49607246325368,0.619860474761061
"lag_retail_2per","Item_1.04",3.43525490848749e-06,1.68853230796034e-05,0.203446205458579,0.838792814210461
"lag_retail_2per","Item_1.05",-7.96919496567624e-06,1.10182002100295e-05,-0.723275563501027,0.469537272363918
"lag_retail_2per","Item_2.01",2.36677710387052e-06,3.20098703289689e-06,0.739389781822573,0.459697706533619
"lag_retail_2per","Item_2.02",3.27616020001405e-05,2.54394850944359e-06,12.8782488633412,1.75447674679325e-37
"lag_retail_2per","Item_2.03",-9.38858897599041e-06,2.19807184912801e-06,-4.27128393446963,1.9718980741242e-05
"lag_retail_2per","Item_2.04",-2.24680396049099e-05,1.10538576735263e-05,-2.03259715010807,0.0421348098320424
"lag_retail_2per","Item_2.05",3.16172848784105e-05,8.12182489201963e-06,3.89287940810902,0.000100077498354083
"lag_retail_2per","Item_2.06",5.39199209405721e-06,1.13629565224461e-05,0.474523693143243,0.635142841997517
"lag_retail_2per","Item_3.01",-1.9776175971298e-05,6.12098452348403e-06,-3.23088155106812,0.00124038885648403
"lag_retail_2per","Item_3.02",4.85093258625556e-07,4.07204555332961e-06,0.119127660109035,0.905177989664839
"lag_retail_2per","Item_3.03",-4.48734206455556e-06,5.29724950433335e-06,-0.847107930424033,0.396966925140945
"lag_retail_2per","Item_4.01",-7.23246993519918e-06,4.33424118585153e-06,-1.66868192725603,0.0952297859833003
"lag_retail_2per","Item_4.02",1.1154004881544e-06,1.01871210156493e-05,0.109491237655952,0.912816334928687
"lag_retail_2per","Item_5.01",3.96790628977786e-05,1.48457570976256e-05,2.67275441978805,0.00754237843300967
"lag_retail_2per","Item_5.02",1.42607235366933e-06,1.14423100231159e-06,1.24631508042376,0.212694769431817
"lag_retail_2per","Item_5.03",3.66524564274429e-06,2.12285012892637e-06,1.72656825500817,0.0842939213691241
"lag_retail_2per","Item_5.04",4.43314011173579e-07,8.75214402180515e-06,0.0506520470948722,0.959604383322285
"lag_retail_2per","Item_5.05",-2.52694858161041e-06,8.83262824998622e-06,-0.286092486867015,0.774816628564229
"lag_retail_2per","Item_5.06",-4.20918013085165e-05,2.06466314663726e-05,-2.03867644836262,0.041523710219776
"lag_retail_2per","Item_5.07",-9.24580836329807e-07,1.024758497433e-06,-0.902242663657695,0.366962234784467
"lag_retail_2per","Item_5.08",-2.30881514877083e-05,1.18595451646755e-05,-1.94679906919855,0.0516029119903019
"lag_retail_2per","Item_7.01",5.78715453382472e-06,1.60872050947441e-06,3.59736480000211,0.000323905601620697
"lag_retail_2per","Item_8.01",1.55485540500158e-05,1.50272167998942e-06,10.3469286808488,6.81143508121996e-25
"lag_retail_2per","Item_9.01",-4.8441064159037e-07,1.37602904779515e-06,-0.352035185860759,0.724823569584239
"lag_retail_4per","Item_1.01",5.39480061609332e-05,3.95304488205763e-06,13.6472030474018,8.13585580321567e-42
"lag_retail_4per","Item_1.02",4.10239470394512e-06,7.59675495702424e-06,0.540019353941632,0.589202643394133
"lag_retail_4per","Item_1.03",0.000318867387325398,0.000212540871881137,1.5002638527978,0.13359583978347
"lag_retail_4per","Item_1.04",5.91838859980383e-06,3.17864886908625e-05,0.186191959022676,0.852300183495614
"lag_retail_4per","Item_1.05",-4.0820426852441e-05,1.61004550270819e-05,-2.53535858357907,0.0112570422507265
"lag_retail_4per","Item_2.01",7.61255046744396e-06,7.18067003978083e-06,1.06014486465337,0.289119065705033
"lag_retail_4per","Item_2.02",6.94351837397903e-05,5.8235574821218e-06,11.923155897912,1.98694071192271e-32
"lag_retail_4per","Item_2.03",-4.43079383850357e-05,4.65078335463123e-06,-9.52698395226561,2.24929782754328e-21
"lag_retail_4per","Item_2.04",-4.6631918982127e-06,2.9931344566411e-05,-0.155796271960523,0.876198566968517
"lag_retail_4per","Item_2.05",7.90201967660263e-05,1.64348813676608e-05,4.80807831819923,1.55902793451961e-06
"lag_retail_4per","Item_2.06",7.36309313003644e-06,2.4608973866831e-05,0.299203581989281,0.764794518950016
"lag_retail_4per","Item_3.01",1.47614983589602e-05,1.3646747711089e-05,1.08168617691711,0.279433118594138
"lag_retail_4per","Item_3.02",4.47861992357134e-05,8.98428118545826e-06,4.98495075022844,6.36228792451382e-07
"lag_retail_4per","Item_3.03",2.63090988300878e-05,1.19750505096691e-05,2.19699272323277,0.0280570065966783
"lag_retail_4per","Item_4.01",-2.23232931934935e-06,9.59046941385036e-06,-0.232765386449746,0.815951102398102
"lag_retail_4per","Item_4.02",-1.00244608642329e-05,2.02505982612212e-05,-0.495020479638331,0.620602810697001
"lag_retail_4per","Item_5.01",0.000132878607719117,3.36474388945671e-05,3.94914478143455,7.92804004647964e-05
"lag_retail_4per","Item_5.02",7.29669259484088e-06,1.98395754581022e-06,3.67784714458747,0.000237157447091479
"lag_retail_4per","Item_5.03",1.48447963362236e-05,4.52070245767802e-06,3.28373664827487,0.0010299576584261
"lag_retail_4per","Item_5.04",-1.86289193449978e-05,2.20019891589584e-05,-0.846692506318812,0.397198479097476
"lag_retail_4per","Item_5.05",2.96235926971045e-05,2.07259044246541e-05,1.42930277444811,0.152966474920495
"lag_retail_4per","Item_5.06",-0.000104588474628048,4.92971038305413e-05,-2.12159470843502,0.0339104542795096
"lag_retail_4per","Item_5.07",-2.14365561523456e-06,1.85259294172344e-06,-1.15711096968789,0.247270598212011
"lag_retail_4per","Item_5.08",8.06118724714776e-06,2.82580246359804e-05,0.285270727554099,0.775446051605532
"lag_retail_4per","Item_7.01",1.64876416882932e-05,3.37740350435551e-06,4.88175063093015,1.07721025872257e-06
"lag_retail_4per","Item_8.01",4.28324658215629e-05,3.4855043720845e-06,12.2887425316718,2.55190911439534e-34
"lag_retail_4per","Item_9.01",-9.33047922775258e-07,2.71120264497222e-06,-0.3441454014902,0.730748348428635
"lag_retail_33per","Item_1.01",0.000456924179618491,2.68107490901962e-05,17.0425741586449,1.02626456625176e-63
"lag_retail_33per","Item_1.02",3.89410814714367e-05,4.7856799777435e-05,0.813700072978926,0.415847369638981
"lag_retail_33per","Item_1.03",0.0028473827583924,0.00155085166449613,1.83601231734661,0.0664026661439471
"lag_retail_33per","Item_1.04",0.000140547522360944,0.000216159764752833,0.650202050884227,0.515585290391473
"lag_retail_33per","Item_1.05",-0.000318776141803743,0.000179393178086772,-1.77696914232464,0.0756212821003599
"lag_retail_33per","Item_2.01",-8.67289681006329e-05,4.28454463593801e-05,-2.02422837127581,0.0429885349377625
"lag_retail_33per","Item_2.02",0.000476792150379602,3.44252692746949e-05,13.8500630619636,5.35436452751221e-43
"lag_retail_33per","Item_2.03",-0.000481227060405324,3.13894098741385e-05,-15.3308731299789,4.06382127859312e-52
"lag_retail_33per","Item_2.04",0.000273005963507891,0.000252838071749072,1.079766040056,0.280287477467533
"lag_retail_33per","Item_2.05",0.000452048237820397,0.000103435409070127,4.37034321113304,1.26032362041011e-05
"lag_retail_33per","Item_2.06",0.000205551483847899,0.00015759566810687,1.30429653503235,0.192179873505626
"lag_retail_33per","Item_3.01",0.000156889348897414,0.000100385486177608,1.56286884560021,0.11813338848098
"lag_retail_33per","Item_3.02",0.000484083375571247,6.46645464805822e-05,7.48607083661539,8.0621447206428e-14
"lag_retail_33per","Item_3.03",-1.16893525556382e-05,6.4941225246325e-05,-0.179998953073336,0.857159146335892
"lag_retail_33per","Item_4.01",-0.000102697288220061,5.97590570458352e-05,-1.71852256874288,0.0857501927836443
"lag_retail_33per","Item_4.02",1.7405436546496e-05,0.000141784218141062,0.122760041806481,0.902301010350447
"lag_retail_33per","Item_5.01",0.000425332766373194,0.000183841544378062,2.3135835146082,0.0207224275741556
"lag_retail_33per","Item_5.02",-3.34146322739078e-05,1.11477343743614e-05,-2.99743707122748,0.00273315921794283
"lag_retail_33per","Item_5.03",5.29350887694163e-06,2.71237064073074e-05,0.195161708265487,0.845272612687874
"lag_retail_33per","Item_5.04",3.979624838308e-05,7.52663149695203e-05,0.528739163053164,0.597004926080155
"lag_retail_33per","Item_5.05",4.18462880601628e-05,0.000110903390375301,0.377321990955853,0.705946968942655
"lag_retail_33per","Item_5.06",0.000332779272184831,0.000353962245405798,0.940154710012416,0.347174049184593
"lag_retail_33per","Item_5.07",-4.14786181403891e-05,1.01673889909282e-05,-4.07957423261746,4.56718591482485e-05
"lag_retail_33per","Item_5.08",1.60154605758667e-05,0.000193168385551324,0.082909325613282,0.933926257846597
"lag_retail_33per","Item_7.01",0.000170790771626119,2.30040418304006e-05,7.42438102335624,1.28201806922456e-13
"lag_retail_33per","Item_8.01",0.000335562706461503,2.13513148156813e-05,15.7162549172406,1.24646283601331e-54
"lag_retail_33per","Item_9.01",6.67513690927066e-05,1.61107446858409e-05,4.14328265976257,3.46826228470374e-05
"lag_retail_66per","Item_1.01",0.00103067675125087,5.34780580429571e-05,19.2728903959632,1.76975818037466e-80
"lag_retail_66per","Item_1.02",0.000126142071329102,9.89678753544617e-05,1.27457592554466,0.202506168719357
"lag_retail_66per","Item_1.03",0.00490948975532663,0.00281984773752083,1.74104781971064,0.0817237814887018
"lag_retail_66per","Item_1.04",0.000275454444340396,0.000484105335518505,0.568996918915113,0.569378418274228
"lag_retail_66per","Item_1.05",-0.000624523068809633,0.000346647991457811,-1.80160590627753,0.0716549963642554
"lag_retail_66per","Item_2.01",-0.000155321921515051,8.64277794658445e-05,-1.79712960896366,0.0723626951383343
"lag_retail_66per","Item_2.02",0.00101488882325269,7.63957785043516e-05,13.2846191651137,9.64325089180528e-40
"lag_retail_66per","Item_2.03",-0.000959953153124586,6.47471154827133e-05,-14.8261918074309,6.51631206037307e-49
"lag_retail_66per","Item_2.04",0.000515876269547883,0.00052288550232191,0.986595090621366,0.32387888668942
"lag_retail_66per","Item_2.05",0.0014478632858052,0.000230080331786658,6.29285986577821,3.32522045088381e-10
"lag_retail_66per","Item_2.06",-5.83324220132151e-05,0.000311239576377458,-0.187419680659352,0.851337599936811
"lag_retail_66per","Item_3.01",0.000533249770953969,0.000199330240696287,2.67520758060221,0.00748750942487666
"lag_retail_66per","Item_3.02",0.0012628021774625,0.000137829918078101,9.162032416989,6.75480969129802e-20
"lag_retail_66per","Item_3.03",-0.000124256118599396,0.000137708477043019,-0.902312778904525,0.366925071272673
"lag_retail_66per","Item_4.01",-3.40114527960242e-05,0.000127083490709862,-0.267630772542077,0.788992261219031
"lag_retail_66per","Item_4.02",0.000404667988328637,0.000326998056168025,1.23752414026798,0.215938459745041
"lag_retail_66per","Item_5.01",0.000187073522131202,0.000359897029478913,0.519797349819924,0.603223002629445
"lag_retail_66per","Item_5.02",5.56001261176819e-05,2.35312547758112e-05,2.36282028508041,0.0181665318389283
"lag_retail_66per","Item_5.03",-4.79507102593359e-05,5.42558636482013e-05,-0.883788535194123,0.376843941190054
"lag_retail_66per","Item_5.04",-0.000137874752968299,0.000126093793192825,-1.09343013226241,0.27424659808732
"lag_retail_66per","Item_5.05",0.000334683763700267,0.000242305502720825,1.38124706183778,0.167251764037497
"lag_retail_66per","Item_5.06",0.00281705795343559,0.00250847688229804,1.12301531392024,0.261473581555285
"lag_retail_66per","Item_5.07",-6.40897878600821e-05,1.96730603803236e-05,-3.25774366677503,0.00112893969828244
"lag_retail_66per","Item_5.08",0.000242879849916491,0.000417992857609995,0.58106220117069,0.561219220194252
"lag_retail_66per","Item_7.01",0.000349613079690111,4.67621993461939e-05,7.47640368883906,8.67310230297449e-14
"lag_retail_66per","Item_8.01",0.000730721431692217,4.36992485347966e-05,16.7216017710319,1.87201212873719e-61
"lag_retail_66per","Item_9.01",6.8758502631596e-05,3.239461617869e-05,2.12252870206337,0.033832079824752
"lag_retail_vol_2per","Item_1.01",-0.00241531677572358,0.00127693594720945,-1.89149407298141,0.0586039370755675
"lag_retail_vol_2per","Item_1.02",0.00188045512192266,0.00278023050928491,0.676366623430199,0.498832564047374
"lag_retail_vol_2per","Item_1.03",0.0804570528855771,0.112484838231488,0.715270201304825,0.474468424039317
"lag_retail_vol_2per","Item_1.04",0.0109773981557626,0.0157499611904517,0.696979378109045,0.485841241814396
"lag_retail_vol_2per","Item_1.05",-0.00432432230261074,0.00390344053024606,-1.10782328284585,0.267980148856965
"lag_retail_vol_2per","Item_2.01",0.00563745314623267,0.00322308821832342,1.74908434531313,0.0803248057596794
"lag_retail_vol_2per","Item_2.02",0.00312661527092236,0.00167468826478939,1.86698344800043,0.0619499958737442
"lag_retail_vol_2per","Item_2.03",0.00206520575322749,0.00156833762612247,1.31681196626868,0.187949233370818
"lag_retail_vol_2per","Item_2.04",-0.0256066334197524,0.00879925281618691,-2.9100917946859,0.00362579291243916
"lag_retail_vol_2per","Item_2.05",0.00416837831238334,0.00449912859572954,0.926485701328888,0.354228873599727
"lag_retail_vol_2per","Item_2.06",0.00703102802368738,0.00668010500141447,1.05253256082032,0.292595373518513
"lag_retail_vol_2per","Item_3.01",-0.017402190288327,0.0048839436902013,-3.56314310569166,0.000369133198740975
"lag_retail_vol_2per","Item_3.02",-0.0112937662731722,0.0025264670538678,-4.47018149549286,7.95130576670294e-06
"lag_retail_vol_2per","Item_3.03",4.12450980044347e-05,0.00365480562268689,0.0112851686963622,0.990996284155792
"lag_retail_vol_2per","Item_4.01",-0.00442811247976853,0.00402639705523657,-1.0997704446484,0.271473890041006
"lag_retail_vol_2per","Item_4.02",-0.000843144146895333,0.00755808535460568,-0.111555256038693,0.911179580684583
"lag_retail_vol_2per","Item_5.01",0.00640932296248139,0.00844415584852939,0.759024712173878,0.447865978329382
"lag_retail_vol_2per","Item_5.02",0.00215331202375885,0.000714355507799045,3.01434229910718,0.00258555442631446
"lag_retail_vol_2per","Item_5.03",-0.000250348156017287,0.00160554930676764,-0.155926794002545,0.876095686990212
"lag_retail_vol_2per","Item_5.04",0.013311547946621,0.00800952400300631,1.6619649234617,0.0965692213916159
"lag_retail_vol_2per","Item_5.05",-0.0057574908753464,0.00679101883418813,-0.847809587327512,0.396576012419817
"lag_retail_vol_2per","Item_5.06",-0.0145533253018201,0.0123337638641321,-1.17995815893174,0.238061106793003
"lag_retail_vol_2per","Item_5.07",0.00162415094210394,0.000811984483151462,2.00022411241199,0.0455186252264764
"lag_retail_vol_2per","Item_5.08",-0.013135242672907,0.0126093318656957,-1.04170806294995,0.297586751770737
"lag_retail_vol_2per","Item_7.01",0.00244384663854197,0.0014271561627834,1.71238908696278,0.0868738647121439
"lag_retail_vol_2per","Item_8.01",0.00144557600898071,0.000967086566294947,1.49477415917266,0.135023137688003
"lag_retail_vol_2per","Item_9.01",0.000978909148957241,0.000874322774603848,1.11961986738911,0.262918179211167
"lag_retail_vol_4per","Item_1.01",-0.00117977651547568,0.00124394020420893,-0.94841899271674,0.342952325683082
"lag_retail_vol_4per","Item_1.02",-0.00204920851145318,0.00182584698416639,-1.12233310306053,0.261763317908211
"lag_retail_vol_4per","Item_1.03",0.00340773188426324,0.043698962673884,0.0779819857440191,0.937844842351693
"lag_retail_vol_4per","Item_1.04",-0.00542898844104416,0.00776479979215703,-0.699179449098971,0.48446552863612
"lag_retail_vol_4per","Item_1.05",-0.00491968534891684,0.00671553051835762,-0.73258327625321,0.463839703319802
"lag_retail_vol_4per","Item_2.01",0.000405213128241197,0.00244270714734778,0.165886904896138,0.868251240008291
"lag_retail_vol_4per","Item_2.02",0.00573063557033058,0.00161338392214714,3.55193546412937,0.000385185405599342
"lag_retail_vol_4per","Item_2.03",0.00110347440143576,0.00150521543659511,0.733100641016468,0.463524140504745
"lag_retail_vol_4per","Item_2.04",-0.00539890016259129,0.0075756102286083,-0.71266868274229,0.476077014509041
"lag_retail_vol_4per","Item_2.05",0.00147375416156637,0.00349594001226042,0.421561627601687,0.673359304852613
"lag_retail_vol_4per","Item_2.06",-0.00299789928532017,0.00425314460197285,-0.704866531913723,0.480919179838332
"lag_retail_vol_4per","Item_3.01",0.00097584952424672,0.00406944230024724,0.239799326848161,0.810493577378878
"lag_retail_vol_4per","Item_3.02",0.00118316565722767,0.00203973887188363,0.580057414964621,0.561896503555332
"lag_retail_vol_4per","Item_3.03",0.00544810309829589,0.0026986709089262,2.0188097334416,0.0435489941891521
"lag_retail_vol_4per","Item_4.01",0.00529734769681125,0.00378002575910007,1.40140518462298,0.161141868592233
"lag_retail_vol_4per","Item_4.02",0.003474500253583,0.0066510368843062,0.522399787284512,0.601410247765449
"lag_retail_vol_4per","Item_5.01",0.0276149704346709,0.00757958200022428,3.64333685338502,0.000271275956403119
"lag_retail_vol_4per","Item_5.02",0.00117895702787988,0.000595735146628239,1.97899525410341,0.0478597191619891
"lag_retail_vol_4per","Item_5.03",7.30476155221555e-05,0.00121520854282808,0.0601111767632545,0.952068982003428
"lag_retail_vol_4per","Item_5.04",0.0012359740938441,0.00845865262755767,0.146119500145613,0.883831696010447
"lag_retail_vol_4per","Item_5.05",-0.00736289188206067,0.00472895223989268,-1.55698165440296,0.119524730618415
"lag_retail_vol_4per","Item_5.06",0.0293847430900769,0.0301580832802299,0.974357117361631,0.329916409678001
"lag_retail_vol_4per","Item_5.07",-0.00062467146957493,0.000576124575107489,-1.08426457846965,0.278288715865181
"lag_retail_vol_4per","Item_5.08",-0.0106822173796751,0.00754739070516804,-1.41535237765821,0.157014298874731
"lag_retail_vol_4per","Item_7.01",0.000948078463931496,0.00153284381947691,0.618509499718653,0.536261746821637
"lag_retail_vol_4per","Item_8.01",0.000255834768674333,0.000842767226296036,0.303565160926734,0.761469153619115
"lag_retail_vol_4per","Item_9.01",0.000956716706892011,0.000766372605875091,1.24837017862815,0.21194160076798
"lag_retail_vol_33per","Item_1.01",0.00466458869927724,0.000848271955357264,5.49893070237442,3.97024618604909e-08
"lag_retail_vol_33per","Item_1.02",0.00390051698343942,0.00159644517832096,2.44325144164471,0.0145827018324045
"lag_retail_vol_33per","Item_1.03",0.0336941533365557,0.0408272776455357,0.825285330780317,0.409240688558774
"lag_retail_vol_33per","Item_1.04",0.0020533174070762,0.0069035362687854,0.29742979932768,0.766148146821496
"lag_retail_vol_33per","Item_1.05",0.0063097289865299,0.00832498218519253,0.757927025688162,0.448522858421544
"lag_retail_vol_33per","Item_2.01",-0.0039163194322952,0.00176158899991543,-2.22317432300225,0.0262391902556345
"lag_retail_vol_33per","Item_2.02",0.0094748999391882,0.00110002626947157,8.61333970118707,8.85378901588663e-18
"lag_retail_vol_33per","Item_2.03",-0.000173132299947282,0.000992635452338982,-0.174416800789579,0.861543484109042
"lag_retail_vol_33per","Item_2.04",0.00427815785862343,0.00765799319981909,0.558652606106323,0.576418572208463
"lag_retail_vol_33per","Item_2.05",0.0207935260068601,0.00339932331625094,6.11696036898102,1.0106613100962e-09
"lag_retail_vol_33per","Item_2.06",0.012681327763559,0.00581313569954139,2.18149522374981,0.0291834377819171
"lag_retail_vol_33per","Item_3.01",-0.00249050553368317,0.00364763056658457,-0.682773512344792,0.494774931879284
"lag_retail_vol_33per","Item_3.02",0.00477916918567591,0.00181085914482379,2.63917224005898,0.00833122037086109
"lag_retail_vol_33per","Item_3.03",-0.000378921296158214,0.00209211016478372,-0.181119188911061,0.856279816267724
"lag_retail_vol_33per","Item_4.01",0.00233541325036447,0.00269957458379295,0.865104177667569,0.387014364559667
"lag_retail_vol_33per","Item_4.02",0.0160857653551568,0.00617794518922175,2.60374038008958,0.00924276988020832
"lag_retail_vol_33per","Item_5.01",0.0114398304850298,0.00659177743167264,1.73546977330619,0.0827062504773966
"lag_retail_vol_33per","Item_5.02",0.00453397942640423,0.000439968081074918,10.3052462699724,1.04467412321156e-24
"lag_retail_vol_33per","Item_5.03",0.0035141887270841,0.000998854127634196,3.51822015834035,0.000437499135403294
"lag_retail_vol_33per","Item_5.04",0.00533721669591846,0.00512959164291705,1.04047594183995,0.298158536683591
"lag_retail_vol_33per","Item_5.05",-0.00390282221865476,0.00365927139784582,-1.06655718975977,0.286212478752752
"lag_retail_vol_33per","Item_5.06",0.000993190456664305,0.00875909697687177,0.113389594759232,0.909725281097077
"lag_retail_vol_33per","Item_5.07",0.00117790131665165,0.000500817108645478,2.35195902120323,0.0187052718897871
"lag_retail_vol_33per","Item_5.08",-0.0112956437505553,0.00680203673457418,-1.6606266904059,0.0968379249474268
"lag_retail_vol_33per","Item_7.01",0.00546013250624902,0.000785896862442451,6.94764512646066,4.08544716229965e-12
"lag_retail_vol_33per","Item_8.01",0.00556658979484494,0.000640687691807557,8.68846064318802,4.61911792839833e-18
"lag_retail_vol_33per","Item_9.01",-0.00124460175702109,0.000553949200830441,-2.2467795876504,0.0246884063152958
"lag_retail_vol_66per","Item_1.01",0.00658856653540359,0.000823357293072234,8.00207466532464,1.44409949221503e-15
"lag_retail_vol_66per","Item_1.02",0.00563273163846312,0.0016462583341673,3.4215356858389,0.000626625267196801
"lag_retail_vol_66per","Item_1.03",0.0669245488805764,0.0357512320609354,1.87195083980626,0.0612594811090447
"lag_retail_vol_66per","Item_1.04",-0.0060970207466651,0.00707242662392271,-0.862083280728814,0.388674347855659
"lag_retail_vol_66per","Item_1.05",0.00934274485511845,0.00983174079691933,0.950263544177842,0.342014637095453
"lag_retail_vol_66per","Item_2.01",-0.00169208827274758,0.00167778601081175,-1.00852448515106,0.313241288147888
"lag_retail_vol_66per","Item_2.02",0.0183168154779383,0.00112934590953692,16.2189594200141,5.40158573940988e-58
"lag_retail_vol_66per","Item_2.03",-0.00154091978416018,0.000955410708124216,-1.61283495260955,0.106830219408015
"lag_retail_vol_66per","Item_2.04",0.0102367762177624,0.00754995650702706,1.35587221042063,0.175188197730442
"lag_retail_vol_66per","Item_2.05",0.0331729400988112,0.00389515117641199,8.51647050304435,2.03303609913488e-17
"lag_retail_vol_66per","Item_2.06",0.00664586236046324,0.00596973571069414,1.11325905911679,0.265639456567117
"lag_retail_vol_66per","Item_3.01",0.0169083649247494,0.0034555761352491,4.89306681808372,1.01732936515402e-06
"lag_retail_vol_66per","Item_3.02",0.00981192889992951,0.00178977655506125,5.48220886690168,4.36272923021982e-08
"lag_retail_vol_66per","Item_3.03",0.00163177057607769,0.00223901892146581,0.728788202919439,0.466158190387066
"lag_retail_vol_66per","Item_4.01",0.010001037209126,0.00271717273021839,3.68067774930236,0.000234549519593417
"lag_retail_vol_66per","Item_4.02",0.0257641770071402,0.00674870633502053,3.81764677971601,0.000136016820660205
"lag_retail_vol_66per","Item_5.01",0.00616996369134343,0.00894721131037116,0.689596286184893,0.490473381788586
"lag_retail_vol_66per","Item_5.02",0.00614249667496988,0.000432172428227272,14.2130693070027,3.74233164415908e-45
"lag_retail_vol_66per","Item_5.03",0.00265021515030726,0.000930141571465985,2.84925997461901,0.00439625070745641
"lag_retail_vol_66per","Item_5.04",-0.00547057663545077,0.0046059104832917,-1.18772969107752,0.234984486727225
"lag_retail_vol_66per","Item_5.05",-0.000376430134794021,0.00407416258399484,-0.0923944803461722,0.926387548544594
"lag_retail_vol_66per","Item_5.06",-0.00625623339602641,0.0219334011124258,-0.285237723231265,0.77547135333703
"lag_retail_vol_66per","Item_5.07",7.30124217585165e-05,0.000432040697612256,0.168994315031041,0.865806512707424
"lag_retail_vol_66per","Item_5.08",-0.0049005690658113,0.00640965787520681,-0.764560162371097,0.444561999031087
"lag_retail_vol_66per","Item_7.01",0.0059384565024878,0.000768758904115983,7.72473199424804,1.29502325809353e-14
"lag_retail_vol_66per","Item_8.01",0.00371270456726778,0.000594026670247062,6.25006376519026,4.36992125941214e-10
"lag_retail_vol_66per","Item_9.01",-0.00345974995721544,0.000533543871290545,-6.48447136848736,9.57674225182364e-11
"lag_absret_2per","Item_1.01",0.00145463565684955,7.84908158260378e-05,18.5325587655187,1.02363981710582e-74
"lag_absret_2per","Item_1.02",0.000824039659814166,0.000176651148583199,4.66478517928267,3.15267296476029e-06
"lag_absret_2per","Item_1.03",0.00802634678053754,0.00317301031120509,2.52956845182428,0.011444271597837
"lag_absret_2per","Item_1.04",-0.000287475441386369,0.000569960532387281,-0.504377803463474,0.614013407676227
"lag_absret_2per","Item_1.05",0.00416881083471466,0.00315369921297309,1.32187965725006,0.186255829348931
"lag_absret_2per","Item_2.01",-0.000103619001671294,0.000154655879791853,-0.669997169268653,0.502883949854568
"lag_absret_2per","Item_2.02",0.00354626028519939,0.000147283026129937,24.0778613692441,1.16554583464462e-122
"lag_absret_2per","Item_2.03",-0.00101397676930316,9.51846099517084e-05,-10.6527386078232,2.81866331955736e-26
"lag_absret_2per","Item_2.04",0.00183725936188435,0.000736459284772801,2.49471953150967,0.0126308762468894
"lag_absret_2per","Item_2.05",0.00381783480598482,0.000381008157519992,10.0203492514055,1.85167107440475e-23
"lag_absret_2per","Item_2.06",-5.1478470885213e-05,0.000560122311473435,-0.0919057674203261,0.926775807280957
"lag_absret_2per","Item_3.01",0.00268820477185047,0.00027653168807872,9.72114548798193,3.49560247906492e-22
"lag_absret_2per","Item_3.02",0.00119603190083864,0.000163429544046775,7.3183334617658,2.82070897084387e-13
"lag_absret_2per","Item_3.03",-0.00019897387260707,0.000217565933635108,-0.914545164689156,0.360465171107239
"lag_absret_2per","Item_4.01",0.0006639887648674,0.000236340474878177,2.8094585373481,0.00497766182497933
"lag_absret_2per","Item_4.02",0.00194723016358827,0.000587751389609769,3.31301669040903,0.00092811663965243
"lag_absret_2per","Item_5.01",0.00033818193608346,0.00053567194426237,0.63132284545748,0.527852168959103
"lag_absret_2per","Item_5.02",0.000635140881316331,4.64190147924225e-05,13.6827738407755,5.05158591172374e-42
"lag_absret_2per","Item_5.03",0.000518541646014462,0.000101500346445031,5.10876725228998,3.33727773799109e-07
"lag_absret_2per","Item_5.04",-0.00012234937347085,0.000546670618027292,-0.223808211812002,0.822913737520901
"lag_absret_2per","Item_5.05",3.11318136226734e-05,0.000404478146337955,0.0769678508085865,0.938651544505756
"lag_absret_2per","Item_5.06",0.0016580184083489,0.00106780935762429,1.55272886167408,0.120537743291994
"lag_absret_2per","Item_5.07",-0.000150506704215447,4.85017644754802e-05,-3.10311812040435,0.00192334238342283
"lag_absret_2per","Item_5.08",0.000553679807250639,0.000670478723786861,0.825797728708612,0.408949856736735
"lag_absret_2per","Item_7.01",0.00115502194958193,8.47756032426078e-05,13.6244615833229,1.09932299858925e-41
"lag_absret_2per","Item_8.01",0.00120772937412032,6.86174235662848e-05,17.600914044137,9.63344815969013e-68
"lag_absret_2per","Item_9.01",-0.00030653598807285,5.49754578288733e-05,-5.57586967310087,2.56432387488116e-08
"lag_absret_4per","Item_1.01",0.00186685836636616,0.0001017695235222,18.3439825770524,2.80331101284219e-73
"lag_absret_4per","Item_1.02",0.000979783868745904,0.000219486555611655,4.46398124940038,8.18409402154714e-06
"lag_absret_4per","Item_1.03",0.00970959097409987,0.00372114488711452,2.6093020477977,0.00909398538469691
"lag_absret_4per","Item_1.04",-0.00111998128310974,0.000602567147208397,-1.85868295060302,0.0631183112244459
"lag_absret_4per","Item_1.05",0.00178167090181132,0.00346815403674166,0.513723116948175,0.607463456210394
"lag_absret_4per","Item_2.01",2.86144256499213e-05,0.000192286478333512,0.148811429165034,0.881707155793902
"lag_absret_4per","Item_2.02",0.00452120789307376,0.00018888172580094,23.9367142263334,2.61862092776103e-121
"lag_absret_4per","Item_2.03",-0.0015048136488003,0.000122108098689077,-12.3236187030641,1.671399445432e-34
"lag_absret_4per","Item_2.04",0.000797227453939993,0.000914576265184945,0.871690513178557,0.38341018230028
"lag_absret_4per","Item_2.05",0.00445640096271639,0.000475349864091894,9.37499155749181,9.41432399326816e-21
"lag_absret_4per","Item_2.06",2.70911658454727e-05,0.000674071449509137,0.040190347573986,0.967942636020369
"lag_absret_4per","Item_3.01",0.00438930562952899,0.000331821636246145,13.2279066524553,2.00409433065356e-39
"lag_absret_4per","Item_3.02",0.00166932815568976,0.000203504550410508,8.20290333716075,2.81540498962223e-16
"lag_absret_4per","Item_3.03",0.000138544067164254,0.000288574692132769,0.480097773440618,0.631174403075875
"lag_absret_4per","Item_4.01",0.00139312209153207,0.00028990799949832,4.80539375920236,1.5799665336722e-06
"lag_absret_4per","Item_4.02",0.00235319336858844,0.000675914925557671,3.48149342411238,0.00050198046509187
"lag_absret_4per","Item_5.01",0.00201175516436588,0.000744200130813828,2.70324484109658,0.00688488613153794
"lag_absret_4per","Item_5.02",0.000687684136656118,5.83544843581285e-05,11.7845979485607,1.00107666699501e-31
"lag_absret_4per","Item_5.03",0.000557070069275408,0.000129606471999771,4.2981655212125,1.74790825802302e-05
"lag_absret_4per","Item_5.04",-0.00102974974150955,0.000765557421783572,-1.34509797986213,0.178641615320749
"lag_absret_4per","Item_5.05",-0.000257162009883402,0.000526058863020502,-0.488846454191155,0.624967284162605
"lag_absret_4per","Item_5.06",0.000695393700322194,0.00137861032965189,0.504416429621403,0.613986271349526
"lag_absret_4per","Item_5.07",-0.00013652319468816,6.09060584326721e-05,-2.24153718367899,0.025025692332927
"lag_absret_4per","Item_5.08",0.00134956897628667,0.000829740731808784,1.62649478873321,0.103894044317729
"lag_absret_4per","Item_7.01",0.00138800398365042,0.000109148027894585,12.7167115194326,1.33048969692514e-36
"lag_absret_4per","Item_8.01",0.00146982738184464,8.60390519996038e-05,17.0832586794588,5.23057597223626e-64
"lag_absret_4per","Item_9.01",-0.000378704006544575,7.04771700581484e-05,-5.37342810774211,8.00013678940357e-08
"lag_absret_33per","Item_1.01",0.00290908749946383,0.000211458686345058,13.7572381146679,1.86511198621314e-42
"lag_absret_33per","Item_1.02",0.00155329259678546,0.000447736096396404,3.46921458709072,0.000525450614854448
"lag_absret_33per","Item_1.03",0.019554820860314,0.00653010358623934,2.99456518599816,0.00275896604140128
"lag_absret_33per","Item_1.04",-0.00124504097747485,0.00185818770311211,-0.670029715184127,0.502863223429432
"lag_absret_33per","Item_1.05",0.000855070605026629,0.00465277431316732,0.183776505687539,0.854194658573574
"lag_absret_33per","Item_2.01",-0.000472102985811966,0.000413720226998016,-1.14111652030547,0.253864489910887
"lag_absret_33per","Item_2.02",0.0105530424665521,0.000350064379546353,30.1460048012533,1.04975549920929e-186
"lag_absret_33per","Item_2.03",-0.00355332250196195,0.000244999070164046,-14.5034121949227,6.44723739613608e-47
"lag_absret_33per","Item_2.04",0.00525845715685318,0.00207396351735799,2.53546270840477,0.0112536847107891
"lag_absret_33per","Item_2.05",0.0049995815718116,0.000901400112748556,5.54646211055692,3.03265777340192e-08
"lag_absret_33per","Item_2.06",0.00305216006891647,0.00150387123149395,2.02953551141772,0.0424454147108606
"lag_absret_33per","Item_3.01",0.00314401404896542,0.000679219425187423,4.62886356363832,3.74992562782549e-06
"lag_absret_33per","Item_3.02",0.00332769501015809,0.00044896169298089,7.41197982407763,1.40639225151771e-13
"lag_absret_33per","Item_3.03",-0.000355832299562608,0.000600559894461889,-0.592500935949843,0.553536301437393
"lag_absret_33per","Item_4.01",-0.000462686791831136,0.000585749399370973,-0.789905704261938,0.429612348922032
"lag_absret_33per","Item_4.02",-0.000222479703912034,0.00135663165755762,-0.163994185652847,0.869740942781857
"lag_absret_33per","Item_5.01",0.0053561538276444,0.00171544820404226,3.12230577118169,0.00180247271176624
"lag_absret_33per","Item_5.02",0.000165220295203021,0.00011908107469338,1.38746056523628,0.16535007922184
"lag_absret_33per","Item_5.03",0.000837144903918801,0.000282566614632469,2.96264618878513,0.00306138473896672
"lag_absret_33per","Item_5.04",0.000752455427526262,0.00174712252223938,0.43068268993625,0.66671373127896
"lag_absret_33per","Item_5.05",0.00185282442483643,0.00121308879512795,1.52736092549681,0.126721116661521
"lag_absret_33per","Item_5.06",0.00291636328750515,0.00293096511585148,0.995018081836814,0.319765401876497
"lag_absret_33per","Item_5.07",-0.000108918391316897,0.000130383457683466,-0.83536971063707,0.403541022511565
"lag_absret_33per","Item_5.08",0.00147011717645102,0.00174249970025134,0.843682886280539,0.398878428561935
"lag_absret_33per","Item_7.01",0.00231824914326694,0.000212463291500221,10.9112926138798,1.78337207821158e-27
"lag_absret_33per","Item_8.01",0.00240973557922209,0.000171811986687968,14.0254217745498,4.92564037107786e-44
"lag_absret_33per","Item_9.01",0.000716845613658861,0.000149539788948044,4.79367811538053,1.67481629157198e-06
"lag_absret_66per","Item_1.01",0.00423220183786274,0.000292786366274585,14.4549143176074,1.27672169811971e-46
"lag_absret_66per","Item_1.02",0.00139308762452337,0.000584677968678062,2.38265797439417,0.0172174235267912
"lag_absret_66per","Item_1.03",0.0415753961464546,0.00836893966439871,4.96782123108324,6.94819637228374e-07
"lag_absret_66per","Item_1.04",0.000859095882477519,0.00267777119350813,0.320824977339466,0.748353594151828
"lag_absret_66per","Item_1.05",-0.00639426376437491,0.00414551447843757,-1.54245360802235,0.123013264094448
"lag_absret_66per","Item_2.01",0.000120380537061988,0.000587582692613698,0.204874205069774,0.83767697964163
"lag_absret_66per","Item_2.02",0.0116819815670882,0.000468065078276853,24.9580285076907,3.13563284742596e-131
"lag_absret_66per","Item_2.03",-0.00531814707308455,0.000342699301599748,-15.518406510486,2.46375950051034e-53
"lag_absret_66per","Item_2.04",0.00232189260917193,0.00292178077919603,0.794684059017884,0.426827025492523
"lag_absret_66per","Item_2.05",0.0048748500462851,0.00119284178545797,4.08675325237161,4.42846985134868e-05
"lag_absret_66per","Item_2.06",0.00341929248987331,0.00187734351681152,1.82134620502519,0.0686013068211573
"lag_absret_66per","Item_3.01",0.00348984899982708,0.000896595725445947,3.89233285502371,0.000100302264509703
"lag_absret_66per","Item_3.02",0.0044252859145552,0.000618585899574156,7.15387453480857,9.38532264129153e-13
"lag_absret_66per","Item_3.03",-6.63617735243978e-05,0.00081311921960756,-0.0816138297117442,0.93495637724792
"lag_absret_66per","Item_4.01",-0.00197709694080253,0.000807257238914579,-2.44915356034575,0.0143460928502497
"lag_absret_66per","Item_4.02",-0.000861745327626315,0.00170863711389846,-0.504346605031972,0.614035342671473
"lag_absret_66per","Item_5.01",0.00565529454821042,0.00270341005398314,2.09191148781815,0.0364860787171702
"lag_absret_66per","Item_5.02",5.60404948229155e-05,0.000163948099521756,0.341818508335188,0.732498798443848
"lag_absret_66per","Item_5.03",-0.000131244649808526,0.000383299367693609,-0.342407686707786,0.732055444310159
"lag_absret_66per","Item_5.04",0.000195796033729004,0.00187720562248107,0.104301857710304,0.916933099815467
"lag_absret_66per","Item_5.05",0.000224872820633716,0.00160475768014059,0.140128832793008,0.88856264720105
"lag_absret_66per","Item_5.06",0.00896698729262886,0.0103134058722158,0.869449666165646,0.384634110291892
"lag_absret_66per","Item_5.07",-0.000335940992481256,0.000177146262653588,-1.89640462885855,0.0579519339437361
"lag_absret_66per","Item_5.08",0.00503682842872805,0.00251071279111001,2.00613485005636,0.0448842216837857
"lag_absret_66per","Item_7.01",0.00267618255592741,0.000299325958813561,8.94069651203992,4.99479933673066e-19
"lag_absret_66per","Item_8.01",0.00319172498665644,0.000239076032367884,13.350250776059,4.08864169329079e-40
"lag_absret_66per","Item_9.01",0.00135671984564585,0.000206475658592491,6.57084643727196,5.40056127597348e-11
